studyName,"Sample Collection Date","Sample Number","Total Number",16-20mm,21-25mm,26-30mm,31-35mm,36-40mm,41-45mm,46-50mm,51-55mm,56-60mm,61-65mm
PAL9192,1992-01-15,91001,62,0,0,0,0,15,31,10,5,1,0
PAL9192,1992-01-15,91002,80,3,0,12,4,11,22,19,8,1,0
PAL9192,1992-01-15,91003,73,0,4,3,4,11,26,16,8,1,0
PAL9192,1992-01-15,91004,65,3,3,2,3,11,28,15,0,0,0
PAL9192,1992-01-15,91005,52,0,0,0,1,12,24,8,4,3,0
PAL9192,1992-01-20,91006,81,0,0,4,1,10,15,17,15,17,2
PAL9192,1992-01-20,91007,90,2,7,9,5,13,24,16,9,5,0
PAL9192,1992-01-20,91008,73,0,1,5,8,3,20,26,8,2,0
PAL9192,1992-01-20,91009,68,0,1,2,3,6,19,19,13,3,2
PAL9192,1992-01-20,91010,131,5,10,13,11,22,39,19,11,1,0
PAL9192,1992-01-25,91011,95,0,0,0,1,21,16,17,20,19,1
PAL9192,1992-01-25,91012,83,1,4,6,8,21,25,11,6,1,0
PAL9192,1992-01-25,91013,69,0,0,1,2,7,18,26,13,2,0
PAL9192,1992-01-25,91014,52,0,0,0,0,5,16,17,8,6,0
PAL9192,1992-01-25,91015,47,0,0,0,4,11,21,4,6,1,0
PAL9192,1992-01-30,91016,70,0,0,0,0,10,20,11,16,9,4
PAL9192,1992-01-30,91017,70,0,0,11,18,7,14,11,8,1,0
PAL9192,1992-01-30,91018,69,0,5,16,14,15,13,5,1,0,0
PAL9192,1992-01-30,91019,49,0,0,0,0,3,14,15,7,10,0
PAL9192,1992-01-30,91020,87,0,12,8,14,18,15,11,6,0,3
PAL9192,1992-02-04,91021,36,0,0,0,1,5,6,6,10,7,1
PAL9192,1992-02-04,91022,65,0,0,6,10,17,14,12,5,1,0
PAL9192,1992-02-04,91023,63,0,0,0,4,2,13,15,8,15,6
PAL9192,1992-02-04,91024,75,0,0,4,3,3,15,32,13,5,0
PAL9192,1992-02-04,91025,56,0,0,1,3,5,20,16,7,4,0
PAL9192,1992-02-09,91026,57,0,0,0,0,0,6,18,11,17,5
PAL9192,1992-02-09,91027,44,0,0,1,5,8,13,11,5,1,0
PAL9192,1992-02-09,91028,59,0,0,0,1,2,17,24,15,0,0
PAL9192,1992-02-09,91029,62,0,0,0,0,2,16,21,18,4,1
PAL9192,1992-02-09,91030,95,0,0,16,22,23,18,12,4,0,0
PAL9192,1992-02-14,91031,70,0,0,0,6,6,19,16,13,10,0
PAL9192,1992-02-14,91032,80,0,0,2,5,16,25,15,13,3,1
PAL9192,1992-02-14,91033,72,0,0,0,2,2,23,24,20,1,0
PAL9192,1992-02-14,91034,62,0,0,0,1,3,24,19,10,5,0
PAL9192,1992-02-14,91035,82,0,0,1,2,15,24,27,12,1,0
PAL9192,1992-02-19,91036,68,0,0,0,2,2,14,31,14,5,0
PAL9192,1992-02-19,91037,90,0,0,0,9,7,23,28,18,4,1
PAL9192,1992-02-19,91038,58,0,0,0,0,1,9,27,19,2,0
PAL9192,1992-02-19,91039,77,0,0,0,0,2,9,25,20,13,8
PAL9192,1992-02-19,91040,62,0,0,1,2,6,20,19,13,1,0
PAL9293,1993-01-11,92001,53,0,0,6,22,8,10,7,0,0,0
PAL9293,1993-01-11,92002,50,0,3,11,20,7,8,1,0,0,0
PAL9293,1993-01-11,92003,52,0,0,7,27,14,1,3,0,0,0
PAL9293,1993-01-11,92004,56,0,0,7,19,17,10,2,1,0,0
PAL9293,1993-01-11,92005,50,0,0,0,30,11,6,2,1,0,0
PAL9293,1993-01-19,92006,53,0,0,3,23,16,10,1,0,0,0
PAL9293,1993-01-19,92007,50,0,0,2,24,15,8,1,0,0,0
PAL9293,1993-01-19,92008,54,0,0,1,13,22,17,1,0,0,0
PAL9293,1993-01-19,92009,48,0,0,4,24,16,3,1,0,0,0
PAL9293,1993-01-19,92010,50,0,0,1,25,14,9,1,0,0,0
PAL9293,1993-01-23,92011,50,0,0,4,29,15,2,0,0,0,0
PAL9293,1993-01-23,92012,56,0,0,3,23,23,7,0,0,0,0
PAL9293,1993-01-23,92013,57,0,0,7,30,15,5,0,0,0,0
PAL9293,1993-01-23,92014,58,0,0,3,28,23,3,1,0,0,0
PAL9293,1993-01-23,92015,57,0,0,1,24,23,9,0,0,0,0
PAL9293,1993-01-30,92016,50,0,0,0,10,24,15,1,0,0,0
PAL9293,1993-01-30,92017,56,0,0,2,31,19,4,0,0,0,0
PAL9293,1993-01-30,92018,56,0,0,0,8,30,12,6,0,0,0
PAL9293,1993-01-30,92019,50,0,0,1,28,13,7,1,0,0,0
PAL9293,1993-01-30,92020,52,0,0,0,29,18,4,1,0,0,0
PAL9293,1993-02-04,92021,50,0,0,1,16,23,9,0,1,0,0
PAL9293,1993-02-04,92022,50,0,0,4,27,19,0,0,0,0,0
PAL9293,1993-02-04,92023,55,0,0,1,26,19,9,0,0,0,0
PAL9293,1993-02-04,92024,50,0,0,0,9,23,14,4,0,0,0
PAL9293,1993-02-04,92025,50,0,0,0,4,21,18,7,0,0,0
PAL9293,1993-02-09,92026,54,0,0,3,11,23,17,0,0,0,0
PAL9293,1993-02-09,92027,52,0,0,0,8,22,16,4,2,0,0
PAL9293,1993-02-09,92028,54,0,0,0,7,17,17,12,1,0,0
PAL9293,1993-02-09,92029,50,0,0,0,15,23,10,2,0,0,0
PAL9293,1993-02-09,92030,50,0,0,1,3,19,16,8,3,0,0
PAL9293,1993-02-14,92031,50,0,0,0,2,15,16,17,0,0,0
PAL9293,1993-02-14,92032,48,0,0,0,9,19,18,1,1,0,0
PAL9293,1993-02-14,92033,54,0,0,0,7,25,20,2,0,0,0
PAL9293,1993-02-14,92034,48,0,0,1,13,15,13,4,2,0,0
PAL9293,1993-02-14,92035,61,0,0,0,7,14,30,10,0,0,0
PAL9293,1993-02-19,92036,50,0,0,0,4,10,31,5,0,0,0
PAL9293,1993-02-19,92037,50,0,0,1,4,21,18,5,1,0,0
PAL9293,1993-02-19,92038,53,0,0,0,2,11,30,9,1,0,0
PAL9293,1993-02-19,92039,50,0,0,0,7,21,15,5,2,0,0
PAL9293,1993-02-19,92040,78,0,0,0,1,18,26,30,3,0,0
PAL9394,1994-01-11,93001,54,0,0,0,2,8,29,13,2,0,0
PAL9394,1994-01-11,93002,50,0,0,0,1,21,23,5,0,0,0
PAL9394,1994-01-11,93003,62,0,0,3,11,29,12,5,2,0,0
PAL9394,1994-01-11,93004,54,0,0,0,5,24,25,0,0,0,0
PAL9394,1994-01-11,93005,65,0,0,0,4,29,30,2,0,0,0
PAL9394,1994-01-16,93006,54,0,0,2,7,24,18,3,0,0,0
PAL9394,1994-01-16,93007,50,0,0,0,1,6,27,12,4,0,0
PAL9394,1994-01-16,93008,53,0,0,1,6,28,18,0,0,0,0
PAL9394,1994-01-16,93009,50,0,0,1,2,24,20,1,2,0,0
PAL9394,1994-01-16,93010,58,0,0,0,1,10,32,14,1,0,0
PAL9394,1994-01-21,93011,58,0,0,0,2,15,29,11,1,0,0
PAL9394,1994-01-21,93012,63,0,0,0,3,17,28,13,2,0,0
PAL9394,1994-01-21,93013,51,0,0,0,1,11,26,12,1,0,0
PAL9394,1994-01-21,93014,51,0,0,1,2,15,23,8,2,0,0
PAL9394,1994-01-21,93015,55,0,0,0,1,14,28,11,1,0,0
PAL9394,1994-01-26,93016,58,0,0,0,3,27,19,9,0,0,0
PAL9394,1994-01-26,93017,55,0,0,0,0,8,26,20,1,0,0
PAL9394,1994-01-26,93018,51,0,0,0,0,17,32,2,0,0,0
PAL9394,1994-01-26,93019,59,0,0,0,0,14,36,9,0,0,0
PAL9394,1994-01-26,93020,50,0,0,0,3,30,16,1,0,0,0
PAL9394,1994-02-01,93021,50,0,0,0,0,10,29,11,0,0,0
PAL9394,1994-02-01,93022,74,0,0,0,1,12,35,25,1,0,0
PAL9394,1994-02-01,93023,50,0,0,0,0,19,23,8,0,0,0
PAL9394,1994-02-01,93024,62,0,0,0,0,5,22,26,9,0,0
PAL9394,1994-02-01,93025,51,0,0,0,2,9,29,7,4,0,0
PAL9394,1994-02-07,93026,65,0,0,0,0,8,39,14,4,0,0
PAL9394,1994-02-07,93027,73,0,0,0,1,24,34,12,2,0,0
PAL9394,1994-02-07,93028,50,0,0,0,1,1,30,15,3,0,0
PAL9394,1994-02-07,93029,50,0,0,0,2,12,25,11,0,0,0
PAL9394,1994-02-07,93030,61,0,0,0,0,6,22,19,14,0,0
PAL9394,1994-02-13,93031,51,0,0,0,1,8,26,15,1,0,0
PAL9394,1994-02-13,93032,50,0,0,0,2,10,23,11,4,0,0
PAL9394,1994-02-13,93033,50,0,0,0,0,9,21,20,0,0,0
PAL9394,1994-02-13,93034,51,0,0,0,1,7,19,20,4,0,0
PAL9394,1994-02-13,93035,52,0,0,0,0,10,22,18,2,0,0
PAL9394,1994-02-18,93036,63,0,0,0,3,21,28,7,4,0,0
PAL9394,1994-02-18,93037,50,0,0,0,2,13,21,13,1,0,0
PAL9394,1994-02-18,93038,50,0,0,0,2,9,13,15,11,0,0
PAL9394,1994-02-18,93039,52,0,0,0,0,3,30,15,4,0,0
PAL9394,1994-02-18,93040,53,0,0,0,0,15,25,11,2,0,0
PAL9495,1995-01-11,94001,59,0,0,0,0,7,35,17,0,0,0
PAL9495,1995-01-11,94002,6,0,0,0,0,2,4,0,0,0,0
PAL9495,1995-01-11,94003,26,0,0,0,1,4,17,4,0,0,0
PAL9495,1995-01-11,94004,59,0,0,0,3,18,29,9,0,0,0
PAL9495,1995-01-11,94005,50,0,0,3,11,24,12,0,0,0,0
PAL9495,1995-01-17,94006,51,0,0,4,9,21,13,4,0,0,0
PAL9495,1995-01-17,94007,13,0,0,0,1,5,7,0,0,0,0
PAL9495,1995-01-17,94008,57,0,0,4,2,14,27,10,0,0,0
PAL9495,1995-01-17,94009,28,0,0,0,0,0,11,17,0,0,0
PAL9495,1995-01-17,94010,71,0,1,1,2,17,27,22,1,0,0
PAL9495,1995-01-22,94011,27,0,0,0,0,3,9,15,0,0,0
PAL9495,1995-01-22,94012,59,0,0,0,1,8,33,16,1,0,0
PAL9495,1995-01-22,94013,52,0,0,0,3,9,26,13,1,0,0
PAL9495,1995-01-22,94014,52,0,0,0,0,8,24,17,3,0,0
PAL9495,1995-01-22,94015,51,0,0,0,4,12,17,18,0,0,0
PAL9495,1995-01-27,94016,49,0,0,0,0,2,14,31,2,0,0
PAL9495,1995-01-27,94017,55,0,0,0,1,3,24,22,5,0,0
PAL9495,1995-01-27,94018,65,0,0,0,0,2,29,30,4,0,0
PAL9495,1995-01-27,94019,67,0,0,1,0,3,17,38,8,0,0
PAL9495,1995-01-27,94020,50,0,0,0,2,12,19,14,3,0,0
PAL9495,1995-02-02,94021,54,0,0,0,0,0,9,36,8,1,0
PAL9495,1995-02-02,94022,51,0,0,0,1,5,22,19,3,1,0
PAL9495,1995-02-02,94023,52,0,0,0,0,1,5,35,11,0,0
PAL9495,1995-02-02,94024,53,0,0,0,1,1,15,32,4,0,0
PAL9495,1995-02-02,94025,52,0,0,0,2,2,29,11,8,0,0
PAL9495,1995-02-06,94026,55,0,0,1,6,7,16,22,3,0,0
PAL9495,1995-02-06,94027,57,0,0,0,0,4,20,30,3,0,0
PAL9495,1995-02-06,94028,50,0,0,0,2,2,10,28,8,0,0
PAL9495,1995-02-06,94029,24,0,0,0,0,4,13,6,1,0,0
PAL9495,1995-02-06,94030,52,0,0,1,1,2,20,25,3,0,0
PAL9495,1995-02-13,94031,51,0,0,0,0,1,17,23,10,0,0
PAL9495,1995-02-13,94032,48,0,0,0,0,1,10,24,11,2,0
PAL9495,1995-02-13,94033,41,1,0,0,0,2,14,21,3,0,0
PAL9495,1995-02-13,94034,58,0,0,0,0,3,18,24,12,1,0
PAL9495,1995-02-13,94035,62,0,0,0,3,2,18,31,8,0,0
PAL9495,1995-02-18,94036,56,0,0,0,1,4,24,23,4,0,0
PAL9495,1995-02-18,94037,50,0,0,0,1,6,20,22,1,0,0
PAL9495,1995-02-18,94038,52,0,0,1,8,6,12,20,5,0,0
PAL9495,1995-02-18,94039,51,0,0,0,1,4,18,25,3,0,0
PAL9495,1995-02-18,94040,49,0,0,0,2,6,23,14,4,0,0
PAL9596,1996-01-11,95001,50,0,0,0,1,1,10,27,11,0,0
PAL9596,1996-01-11,95002,74,0,0,0,0,0,4,47,22,1,0
PAL9596,1996-01-11,95003,62,0,0,0,0,0,12,35,15,0,0
PAL9596,1996-01-11,95004,58,0,0,0,0,3,10,24,21,0,0
PAL9596,1996-01-11,95005,70,5,12,6,1,0,1,20,25,0,0
PAL9596,1996-01-16,95006,50,0,0,9,0,0,3,20,15,3,0
PAL9596,1996-01-16,95007,56,0,5,17,12,3,17,2,0,0,0
PAL9596,1996-01-16,95008,54,0,0,0,0,0,1,15,27,11,0
PAL9596,1996-01-16,95009,51,1,3,5,2,3,10,25,2,0,0
PAL9596,1996-01-16,95010,55,0,1,0,2,6,6,23,17,0,0
PAL9596,1996-01-22,95011,56,0,0,4,28,3,11,8,2,0,0
PAL9596,1996-01-22,95012,50,0,0,9,25,8,2,2,4,0,0
PAL9596,1996-01-22,95013,52,1,0,3,11,7,13,11,5,1,0
PAL9596,1996-01-22,95014,81,3,4,0,0,0,7,38,27,2,0
PAL9596,1996-01-22,95015,76,2,2,3,11,2,7,28,20,1,0
PAL9596,1996-01-27,95016,52,0,0,4,27,11,5,5,0,0,0
PAL9596,1996-01-27,95017,69,21,9,0,0,0,6,19,14,0,0
PAL9596,1996-01-27,95018,50,0,1,6,16,6,7,10,4,0,0
PAL9596,1996-01-27,95019,47,0,0,0,0,3,25,17,2,0,0
PAL9596,1996-01-27,95020,52,0,0,1,1,2,29,15,4,0,0
PAL9596,1996-02-01,95021,31,0,0,0,0,1,8,12,10,0,0
PAL9596,1996-02-01,95022,67,2,8,1,1,2,8,24,21,0,0
PAL9596,1996-02-01,95023,51,0,0,0,0,1,13,23,13,1,0
PAL9596,1996-02-01,95024,53,0,2,5,6,6,13,18,3,0,0
PAL9596,1996-02-01,95025,57,0,0,0,3,0,5,32,17,0,0
PAL9596,1996-02-06,95026,51,0,0,1,5,4,1,21,18,1,0
PAL9596,1996-02-06,95027,55,0,0,2,13,15,4,19,2,0,0
PAL9596,1996-02-06,95028,69,0,0,0,1,4,7,22,25,10,0
PAL9596,1996-02-06,95029,53,0,2,2,20,22,3,2,2,0,0
PAL9596,1996-02-06,95030,53,0,0,1,20,20,3,5,4,0,0
PAL9596,1996-02-11,95031,57,0,0,1,10,21,8,7,9,1,0
PAL9596,1996-02-11,95032,67,0,0,0,19,21,8,14,5,0,0
PAL9596,1996-02-11,95033,50,0,1,3,20,19,4,2,1,0,0
PAL9596,1996-02-11,95034,47,0,0,0,0,0,4,18,16,9,0
PAL9596,1996-02-11,95035,52,0,2,6,13,19,6,4,2,0,0
PAL9596,1996-02-17,95036,52,0,0,0,14,21,4,6,7,0,0
PAL9596,1996-02-17,95037,6,0,0,0,0,1,1,2,2,0,0
PAL9596,1996-02-17,95038,73,5,0,7,17,9,4,13,15,3,0
PAL9596,1996-02-17,95039,53,0,0,4,10,17,3,11,5,3,0
PAL9596,1996-02-17,95040,77,0,0,0,4,16,8,28,19,2,0
PAL9697,1997-01-06,96001,56,0,4,24,23,4,1,0,0,0,0
PAL9697,1997-01-06,96002,79,0,2,13,45,18,1,0,0,0,0
PAL9697,1997-01-06,96003,65,2,3,19,20,17,4,0,0,0,0
PAL9697,1997-01-06,96004,68,1,0,8,38,18,3,0,0,0,0
PAL9697,1997-01-06,96005,58,0,8,21,24,4,1,0,0,0,0
PAL9697,1997-01-11,96006,98,0,1,11,46,31,8,1,0,0,0
PAL9697,1997-01-11,96007,82,0,7,8,34,13,12,4,4,0,0
PAL9697,1997-01-11,96008,54,1,2,11,28,10,2,0,0,0,0
PAL9697,1997-01-11,96009,87,0,3,13,32,17,10,7,4,1,0
PAL9697,1997-01-11,96010,57,0,1,11,37,8,0,0,0,0,0
PAL9697,1997-01-16,96011,62,0,0,2,36,21,3,0,0,0,0
PAL9697,1997-01-16,96012,63,0,1,6,30,24,2,0,0,0,0
PAL9697,1997-01-16,96013,50,0,0,4,33,10,3,0,0,0,0
PAL9697,1997-01-16,96014,54,0,2,4,14,21,12,1,0,0,0
PAL9697,1997-01-16,96015,87,0,0,3,29,41,12,2,0,0,0
PAL9697,1997-01-21,96016,56,0,0,4,26,23,3,0,0,0,0
PAL9697,1997-01-21,96017,73,0,1,18,43,11,0,0,0,0,0
PAL9697,1997-01-21,96018,63,0,5,11,35,11,0,1,0,0,0
PAL9697,1997-01-21,96019,76,0,5,11,41,14,4,1,0,0,0
PAL9697,1997-01-21,96020,120,0,8,8,47,31,18,8,0,0,0
PAL9697,1997-01-26,96021,57,0,3,3,18,14,18,1,0,0,0
PAL9697,1997-01-26,96022,63,0,5,13,21,18,6,0,0,0,0
PAL9697,1997-01-26,96023,88,0,8,22,38,14,2,3,1,0,0
PAL9697,1997-01-26,96024,50,1,14,5,10,12,5,2,1,0,0
PAL9697,1997-01-26,96025,86,0,9,19,30,23,4,1,0,0,0
PAL9697,1997-01-31,96026,66,0,8,3,37,12,6,0,0,0,0
PAL9697,1997-01-31,96027,73,0,6,1,24,22,16,4,0,0,0
PAL9697,1997-01-31,96028,106,0,1,10,40,42,10,3,0,0,0
PAL9697,1997-01-31,96029,110,1,6,12,55,22,10,4,0,0,0
PAL9697,1997-01-31,96030,70,0,0,4,36,21,9,0,0,0,0
PAL9697,1997-02-05,96031,76,0,5,11,37,19,4,0,0,0,0
PAL9697,1997-02-05,96032,57,0,0,3,2,16,24,10,1,1,0
PAL9697,1997-02-05,96033,52,0,4,4,33,3,7,1,0,0,0
PAL9697,1997-02-05,96034,55,0,0,1,15,12,17,10,0,0,0
PAL9697,1997-02-05,96035,71,0,0,1,4,21,18,20,7,0,0
PAL9697,1997-02-10,96036,60,0,0,0,13,24,20,3,0,0,0
PAL9697,1997-02-10,96037,56,2,6,8,28,11,0,1,0,0,0
PAL9697,1997-02-10,96038,80,0,2,6,28,27,15,2,0,0,0
PAL9697,1997-02-10,96039,102,0,3,10,28,38,18,5,0,0,0
PAL9697,1997-02-10,96040,73,0,0,5,32,25,7,4,0,0,0
PAL9697,1997-02-15,96041,78,0,0,8,34,27,6,2,1,0,0
PAL9697,1997-02-15,96042,65,0,0,1,14,21,22,7,0,0,0
PAL9697,1997-02-15,96043,55,0,0,6,31,12,6,0,0,0,0
PAL9697,1997-02-15,96044,83,0,0,2,28,35,15,3,0,0,0
PAL9697,1997-02-15,96045,78,0,1,4,33,20,16,4,0,0,0
PAL9798,1998-01-06,97001,111,0,0,13,42,38,8,9,1,0,0
PAL9798,1998-01-06,97002,64,0,0,1,17,31,15,0,0,0,0
PAL9798,1998-01-06,97003,62,0,0,10,23,26,3,0,0,0,0
PAL9798,1998-01-06,97004,53,0,0,8,23,22,0,0,0,0,0
PAL9798,1998-01-06,97005,79,0,0,34,39,6,0,0,0,0,0
PAL9798,1998-01-11,97006,91,0,0,5,43,29,12,2,0,0,0
PAL9798,1998-01-11,97007,53,0,1,11,16,16,8,1,0,0,0
PAL9798,1998-01-11,97008,60,1,0,9,21,24,5,0,0,0,0
PAL9798,1998-01-11,97009,53,0,0,8,19,18,7,1,0,0,0
PAL9798,1998-01-11,97010,68,0,0,7,35,21,5,0,0,0,0
PAL9798,1998-01-16,97011,78,0,2,11,47,16,1,1,0,0,0
PAL9798,1998-01-16,97012,63,0,0,2,21,34,6,0,0,0,0
PAL9798,1998-01-16,97013,50,0,0,5,34,10,1,0,0,0,0
PAL9798,1998-01-16,97014,60,0,0,1,12,38,8,1,0,0,0
PAL9798,1998-01-16,97015,83,0,1,2,40,32,8,0,0,0,0
PAL9798,1998-01-21,97016,83,0,0,7,17,36,21,2,0,0,0
PAL9798,1998-01-21,97017,103,0,2,1,33,51,13,3,0,0,0
PAL9798,1998-01-21,97018,103,0,0,2,29,54,13,4,1,0,0
PAL9798,1998-01-21,97019,72,0,0,0,16,50,6,0,0,0,0
PAL9798,1998-01-21,97020,53,0,0,0,20,20,13,0,0,0,0
PAL9798,1998-01-26,97021,52,0,0,1,10,24,17,0,0,0,0
PAL9798,1998-01-26,97022,82,0,2,5,51,24,0,0,0,0,0
PAL9798,1998-01-26,97023,62,0,0,3,31,27,1,0,0,0,0
PAL9798,1998-01-26,97024,51,0,0,0,29,20,2,0,0,0,0
PAL9798,1998-01-26,97025,51,0,0,2,31,18,0,0,0,0,0
PAL9798,1998-01-31,97026,54,0,0,1,4,28,19,2,0,0,0
PAL9798,1998-01-31,97027,83,0,0,1,18,46,17,1,0,0,0
PAL9798,1998-01-31,97028,55,0,0,1,13,29,11,1,0,0,0
PAL9798,1998-01-31,97029,73,0,0,1,13,32,20,7,0,0,0
PAL9798,1998-01-31,97030,92,0,1,1,24,48,16,2,0,0,0
PAL9798,1998-02-05,97031,75,0,0,1,16,39,18,1,0,0,0
PAL9798,1998-02-05,97032,97,0,0,0,4,61,28,3,1,0,0
PAL9798,1998-02-05,97033,79,0,0,1,18,33,21,6,0,0,0
PAL9798,1998-02-05,97034,88,0,0,0,24,48,14,2,0,0,0
PAL9798,1998-02-05,97035,88,0,2,4,24,42,12,2,2,0,0
PAL9798,1998-02-10,97036,76,0,0,0,1,25,43,7,0,0,0
PAL9798,1998-02-10,97037,54,0,1,0,15,29,9,0,0,0,0
PAL9798,1998-02-10,97038,12,0,0,1,1,7,3,0,0,0,0
PAL9798,1998-02-10,97039,67,0,0,0,7,30,29,1,0,0,0
PAL9798,1998-02-10,97040,74,0,0,2,11,32,18,9,2,0,0
PAL9798,1998-02-15,97041,75,0,2,1,15,37,17,3,0,0,0
PAL9798,1998-02-15,97042,93,0,0,1,19,43,25,5,0,0,0
PAL9798,1998-02-15,97043,68,0,0,4,16,30,16,2,0,0,0
PAL9798,1998-02-15,97044,82,0,1,2,10,39,24,6,0,0,0
PAL9798,1998-02-15,97045,55,0,0,0,7,30,18,0,0,0,0
PAL9798,1998-02-20,97046,101,0,0,0,8,41,42,9,1,0,0
PAL9798,1998-02-20,97047,81,0,0,1,28,27,23,2,0,0,0
PAL9798,1998-02-20,97048,67,0,0,0,13,28,22,4,0,0,0
PAL9798,1998-02-20,97049,110,0,0,2,16,43,41,8,0,0,0
PAL9798,1998-02-20,97050,80,0,1,0,13,32,31,3,0,0,0
PAL9899,1999-01-06,98001,53,1,0,1,15,23,10,2,1,0,0
PAL9899,1999-01-06,98002,63,0,0,2,20,26,12,3,0,0,0
PAL9899,1999-01-06,98003,47,0,1,0,15,23,8,0,0,0,0
PAL9899,1999-01-06,98004,84,0,0,1,10,25,37,9,2,0,0
PAL9899,1999-01-06,98005,47,0,0,0,11,25,10,1,0,0,0
PAL9899,1999-01-11,98006,50,0,0,0,10,23,17,0,0,0,0
PAL9899,1999-01-11,98007,86,0,0,4,24,40,17,1,0,0,0
PAL9899,1999-01-11,98008,86,0,0,3,16,36,21,10,0,0,0
PAL9899,1999-01-11,98009,50,0,0,0,9,31,8,2,0,0,0
PAL9899,1999-01-11,98010,64,0,0,0,2,25,31,5,1,0,0
PAL9899,1999-01-16,98011,72,0,0,1,13,32,20,6,0,0,0
PAL9899,1999-01-16,98012,46,0,0,0,9,14,21,2,0,0,0
PAL9899,1999-01-16,98013,47,0,0,3,7,20,16,1,0,0,0
PAL9899,1999-01-16,98014,82,0,0,0,2,22,36,19,3,0,0
PAL9899,1999-01-16,98015,81,0,0,1,18,27,31,4,0,0,0
PAL9899,1999-01-21,98016,37,0,0,0,6,11,18,2,0,0,0
PAL9899,1999-01-21,98017,53,0,0,0,2,19,26,6,0,0,0
PAL9899,1999-01-21,98018,64,0,0,1,17,30,14,2,0,0,0
PAL9899,1999-01-21,98019,52,0,0,0,3,20,21,7,1,0,0
PAL9899,1999-01-21,98020,52,0,0,0,4,22,21,3,2,0,0
PAL9899,1999-01-26,98021,74,0,0,1,5,24,38,6,0,0,0
PAL9899,1999-01-26,98022,58,0,0,0,3,21,28,5,1,0,0
PAL9899,1999-01-26,98023,62,0,0,1,5,21,30,5,0,0,0
PAL9899,1999-01-26,98024,50,0,0,0,2,27,20,1,0,0,0
PAL9899,1999-01-26,98025,50,0,0,1,3,19,25,2,0,0,0
PAL9899,1999-02-01,98026,54,0,0,0,2,7,31,14,0,0,0
PAL9899,1999-02-01,98027,65,0,0,0,4,24,32,5,0,0,0
PAL9899,1999-02-01,98028,83,0,0,1,5,42,30,5,0,0,0
PAL9899,1999-02-01,98029,72,0,0,0,6,18,38,10,0,0,0
PAL9899,1999-02-01,98030,64,0,0,0,0,15,38,11,0,0,0
PAL9899,1999-02-05,98031,50,0,0,0,1,16,25,6,2,0,0
PAL9899,1999-02-05,98032,78,0,0,0,3,28,34,13,0,0,0
PAL9899,1999-02-05,98033,86,0,0,0,6,37,32,11,0,0,0
PAL9899,1999-02-05,98034,83,0,0,0,0,11,49,22,1,0,0
PAL9899,1999-02-05,98035,59,0,0,0,2,21,25,8,3,0,0
PAL9899,1999-02-11,98036,87,0,0,0,0,13,42,30,2,0,0
PAL9899,1999-02-11,98037,50,0,0,0,0,11,22,17,0,0,0
PAL9899,1999-02-11,98038,74,0,0,0,4,14,36,19,1,0,0
PAL9899,1999-02-11,98039,50,0,0,0,0,7,23,19,1,0,0
PAL9899,1999-02-11,98040,50,0,0,0,0,17,19,14,0,0,0
PAL9899,1999-02-16,98041,52,0,0,0,0,11,28,11,2,0,0
PAL9899,1999-02-16,98042,55,0,0,0,0,15,27,13,0,0,0
PAL9899,1999-02-16,98043,72,0,0,0,0,17,33,22,0,0,0
PAL9899,1999-02-16,98044,51,0,0,0,1,11,21,17,1,0,0
PAL9899,1999-02-16,98045,69,0,0,0,0,8,28,33,0,0,0
PAL9900,2000-01-09,99001,50,0,0,0,0,5,16,27,2,0,0
PAL9900,2000-01-09,99002,29,0,0,0,0,1,8,17,2,1,0
PAL9900,2000-01-09,99003,86,0,0,0,1,13,27,36,9,0,0
PAL9900,2000-01-09,99004,60,0,0,0,3,5,26,26,0,0,0
PAL9900,2000-01-09,99005,53,0,0,1,2,6,16,22,6,0,0
PAL9900,2000-01-13,99006,6,0,0,0,0,0,2,4,0,0,0
PAL9900,2000-01-13,99007,63,0,0,0,0,3,17,28,13,2,0
PAL9900,2000-01-13,99008,50,0,0,0,1,8,24,15,2,0,0
PAL9900,2000-01-13,99009,50,0,1,2,1,2,16,20,8,0,0
PAL9900,2000-01-13,99010,84,0,1,2,1,2,10,44,22,2,0
PAL9900,2000-01-18,99011,46,0,0,0,1,0,4,15,19,7,0
PAL9900,2000-01-18,99012,71,0,0,0,0,1,18,30,18,4,0
PAL9900,2000-01-18,99013,79,0,0,1,1,2,12,43,19,1,0
PAL9900,2000-01-18,99014,82,0,0,11,9,7,23,21,10,1,0
PAL9900,2000-01-18,99015,71,0,0,0,1,0,0,35,30,5,0
PAL9900,2000-01-25,99016,76,0,0,0,0,2,22,41,11,0,0
PAL9900,2000-01-25,99017,76,0,0,1,1,3,33,31,7,0,0
PAL9900,2000-01-25,99018,60,0,0,3,2,2,12,25,15,1,0
PAL9900,2000-01-25,99019,39,0,0,0,1,5,13,19,1,0,0
PAL9900,2000-01-25,99020,39,0,0,0,1,0,14,18,6,0,0
PAL9900,2000-01-29,99021,93,0,0,4,6,12,51,17,3,0,0
PAL9900,2000-01-29,99022,88,0,0,1,4,11,53,18,1,0,0
PAL9900,2000-01-29,99023,72,0,1,1,3,3,15,37,11,1,0
PAL9900,2000-01-29,99024,50,0,0,1,1,1,20,19,8,0,0
PAL9900,2000-01-29,99025,58,0,0,0,1,1,8,33,15,0,0
PAL9900,2000-02-04,99026,53,0,0,0,4,3,11,19,15,1,0
PAL9900,2000-02-04,99027,80,0,0,0,2,9,33,35,1,0,0
PAL9900,2000-02-04,99028,93,0,0,0,1,5,9,46,30,2,0
PAL9900,2000-02-04,99029,50,0,0,0,0,5,14,26,5,0,0
PAL9900,2000-02-04,99030,57,0,0,0,0,1,10,29,17,0,0
PAL9900,2000-02-07,99031,50,0,0,0,0,8,24,14,4,0,0
PAL9900,2000-02-07,99032,51,0,0,1,0,1,25,22,2,0,0
PAL9900,2000-02-07,99033,100,0,1,1,3,7,29,44,14,1,0
PAL9900,2000-02-07,99034,50,0,0,0,1,4,23,16,6,0,0
PAL9900,2000-02-07,99035,86,0,0,1,10,4,23,31,17,0,0
PAL9900,2000-02-11,99036,75,0,0,1,2,12,29,22,9,0,0
PAL9900,2000-02-11,99037,32,0,0,0,3,2,12,12,3,0,0
PAL9900,2000-02-11,99038,48,0,0,0,1,4,14,22,7,0,0
PAL9900,2000-02-11,99039,38,0,0,0,0,5,12,11,10,0,0
PAL9900,2000-02-11,99040,50,0,0,0,0,7,22,17,2,2,0
PAL0001,2000-12-27,00001,50,2,22,5,3,1,1,8,7,1,0
PAL0001,2000-12-27,00002,33,0,0,0,0,1,1,12,17,2,0
PAL0001,2000-12-27,00003,50,1,10,3,3,0,3,14,14,2,0
PAL0001,2000-12-27,00004,37,0,2,1,1,0,6,15,12,0,0
PAL0001,2000-12-27,00005,54,3,11,2,2,0,4,13,17,2,0
PAL0001,2001-01-09,00006,58,0,1,7,21,5,0,11,11,2,0
PAL0001,2001-01-09,00007,76,0,2,7,12,1,7,30,13,4,0
PAL0001,2001-01-09,00008,51,0,1,8,15,4,2,6,13,2,0
PAL0001,2001-01-09,00009,51,0,0,7,14,3,2,9,12,3,1
PAL0001,2001-01-09,00010,52,1,0,9,9,3,3,8,12,7,0
PAL0001,2001-01-12,00011,50,0,0,0,0,0,2,17,22,9,0
PAL0001,2001-01-12,00012,14,0,0,0,0,0,2,8,4,0,0
PAL0001,2001-01-12,00013,74,0,0,0,0,0,3,28,38,5,0
PAL0001,2001-01-12,00014,51,0,0,10,9,4,1,12,11,4,0
PAL0001,2001-01-12,00015,51,0,0,0,0,0,0,18,25,7,1
PAL0001,2001-01-18,00016,53,0,0,0,0,1,1,21,24,6,0
PAL0001,2001-01-18,00017,52,0,0,1,8,3,7,14,17,2,0
PAL0001,2001-01-18,00018,61,0,0,1,3,4,4,20,23,6,0
PAL0001,2001-01-18,00019,54,0,0,1,13,6,1,8,14,10,1
PAL0001,2001-01-18,00020,56,0,0,3,10,9,2,15,16,1,0
PAL0001,2001-01-24,00021,80,0,0,5,40,5,4,8,13,4,1
PAL0001,2001-01-24,00022,52,0,0,0,0,1,7,11,24,8,1
PAL0001,2001-01-24,00023,51,0,0,0,0,3,2,18,23,5,0
PAL0001,2001-01-24,00024,82,0,0,0,0,0,7,20,47,8,0
PAL0001,2001-01-24,00025,74,0,0,0,1,0,2,29,30,12,0
PAL0001,2001-01-30,00026,51,0,0,0,0,0,2,20,24,5,0
PAL0001,2001-01-30,00027,33,1,5,1,1,0,0,11,12,2,0
PAL0001,2001-01-30,00028,52,0,0,0,0,0,1,15,21,15,0
PAL0001,2001-01-30,00029,11,0,0,0,0,0,0,2,6,3,0
PAL0001,2001-01-30,00030,45,0,0,0,1,0,6,14,20,4,0
PAL0001,2001-02-03,00031,9,0,1,1,0,0,0,0,7,0,0
PAL0001,2001-02-03,00032,50,1,5,0,0,3,4,21,16,0,0
PAL0001,2001-02-03,00033,26,0,0,0,1,1,1,6,17,0,0
PAL0001,2001-02-03,00034,22,0,0,0,0,0,1,14,7,0,0
PAL0001,2001-02-03,00035,47,0,2,7,10,1,6,15,6,0,0
PAL0001,2001-02-10,00036,52,0,0,0,7,6,1,11,25,2,0
PAL0001,2001-02-10,00037,50,0,0,0,2,4,0,23,14,7,0
PAL0001,2001-02-10,00038,69,0,0,0,3,3,2,22,36,2,1
PAL0001,2001-02-10,00039,86,0,1,4,19,47,14,0,0,1,0
PAL0001,2001-02-10,00040,38,0,0,0,1,0,1,15,15,6,0
PAL0001,2001-02-15,00041,107,0,0,0,9,11,13,31,33,10,0
PAL0001,2001-02-15,00042,53,0,0,0,4,1,0,15,25,7,1
PAL0001,2001-02-15,00043,63,0,0,0,1,0,3,25,27,7,0
PAL0001,2001-02-15,00044,50,0,0,0,0,0,1,23,21,5,0
PAL0001,2001-02-15,00045,55,0,0,0,3,6,5,18,18,5,0
PAL0102,2001-12-05,01001,12,0,4,3,0,1,4,0,0,0,0
PAL0102,2001-12-05,01002,50,20,15,2,2,2,0,0,5,4,0
PAL0102,2001-12-05,01003,0,0,0,0,0,0,0,0,0,0,0
PAL0102,2001-12-05,01004,3,0,0,1,0,1,1,0,0,0,0
PAL0102,2001-12-28,01005,51,0,0,1,4,18,16,9,3,0,0
PAL0102,2001-12-28,01006,46,0,0,0,1,9,10,11,14,1,0
PAL0102,2001-12-28,01007,47,0,3,3,1,12,14,6,7,1,0
PAL0102,2001-12-28,01008,4,0,0,0,0,0,1,1,2,0,0
PAL0102,2001-12-28,01009,40,0,0,0,0,5,22,10,3,0,0
PAL0102,2002-01-07,01010,0,0,0,0,0,0,0,0,0,0,0
PAL0102,2002-01-07,01011,29,0,0,1,2,17,5,2,2,0,0
PAL0102,2002-01-07,01012,50,0,2,6,16,15,11,0,0,0,0
PAL0102,2002-01-07,01013,55,1,4,14,4,22,3,3,4,0,0
PAL0102,2002-01-07,01014,20,0,0,1,5,10,4,0,0,0,0
PAL0102,2002-01-15,01015,36,0,0,3,16,8,5,2,2,0,0
PAL0102,2002-01-15,01016,51,0,0,0,4,26,16,3,2,0,0
PAL0102,2002-01-15,01017,60,0,0,0,1,2,5,32,19,1,0
PAL0102,2002-01-15,01018,50,0,0,1,5,7,16,6,8,7,0
PAL0102,2002-01-15,01019,121,0,0,3,23,53,25,12,5,0,0
PAL0102,2002-01-21,01020,59,0,0,1,3,4,11,22,16,2,0
PAL0102,2002-01-21,01021,29,0,0,2,2,5,2,9,4,5,0
PAL0102,2002-01-21,01022,50,0,0,0,1,4,5,14,22,4,0
PAL0102,2002-01-21,01023,43,0,0,2,7,12,7,5,7,2,1
PAL0102,2002-01-21,01024,25,0,2,3,9,7,0,0,3,1,0
PAL0102,2002-01-31,01025,112,0,2,2,16,53,17,10,11,1,0
PAL0102,2002-01-31,01026,45,0,0,0,0,2,7,18,14,4,0
PAL0102,2002-01-31,01027,54,0,0,1,5,20,10,13,3,2,0
PAL0102,2002-01-31,01028,20,0,3,1,0,4,0,4,6,2,0
PAL0102,2002-01-31,01029,52,0,0,0,2,8,4,9,22,7,0
PAL0102,2002-02-09,01030,7,0,0,0,1,1,1,0,4,0,0
PAL0102,2002-02-09,01031,56,0,0,4,6,3,3,16,18,6,0
PAL0102,2002-02-09,01032,57,0,2,2,5,11,10,17,9,1,0
PAL0102,2002-02-09,01033,43,0,0,0,9,23,10,1,0,0,0
PAL0102,2002-02-09,01034,60,0,1,6,24,17,7,2,3,0,0
PAL0102,2002-02-22,01035,58,0,1,6,19,25,5,2,0,0,0
PAL0102,2002-02-22,01036,0,0,0,0,0,0,0,0,0,0,0
PAL0102,2002-02-22,01037,85,0,0,2,13,32,28,10,0,0,0
PAL0203,2002-12-10,02001,50,0,2,3,26,18,1,0,0,0,0
PAL0203,2002-12-10,02002,67,0,0,8,31,23,5,0,0,0,0
PAL0203,2002-12-10,02003,50,1,1,7,23,16,2,0,0,0,0
PAL0203,2002-12-10,02004,50,0,0,3,33,12,2,0,0,0,0
PAL0203,2002-12-10,02005,57,0,1,14,30,10,2,0,0,0,0
PAL0203,2002-12-22,02006,61,0,1,2,28,26,3,1,0,0,0
PAL0203,2002-12-22,02007,0,0,0,0,0,0,0,0,0,0,0
PAL0203,2002-12-22,02008,50,0,4,4,30,10,1,1,0,0,0
PAL0203,2002-12-22,02009,50,0,0,1,24,16,5,4,0,0,0
PAL0203,2002-12-22,02010,51,0,0,9,29,13,0,0,0,0,0
PAL0203,2002-12-29,02011,53,0,3,4,15,22,6,1,2,0,0
PAL0203,2002-12-29,02012,50,0,1,8,34,7,0,0,0,0,0
PAL0203,2002-12-29,02013,29,7,2,7,13,0,0,0,0,0,0
PAL0203,2002-12-29,02014,50,0,1,7,24,16,2,0,0,0,0
PAL0203,2002-12-29,02015,52,0,1,14,23,11,1,2,0,0,0
PAL0203,2003-01-05,02016,14,0,2,2,6,2,1,1,0,0,0
PAL0203,2003-01-05,02017,51,0,0,1,28,19,3,0,0,0,0
PAL0203,2003-01-05,02018,73,1,6,7,3,8,24,18,6,0,0
PAL0203,2003-01-05,02019,56,0,1,8,40,7,0,0,0,0,0
PAL0203,2003-01-05,02020,77,0,2,12,53,10,0,0,0,0,0
PAL0203,2003-01-15,02021,79,0,1,10,48,16,4,0,0,0,0
PAL0203,2003-01-15,02022,117,1,2,7,35,39,22,7,4,0,0
PAL0203,2003-01-15,02023,90,0,5,14,33,25,13,0,0,0,0
PAL0203,2003-01-15,02024,138,0,0,3,23,36,44,19,13,0,0
PAL0203,2003-01-27,02025,79,0,3,5,25,33,11,2,0,0,0
PAL0203,2003-01-27,02026,88,0,2,5,43,33,5,0,0,0,0
PAL0203,2003-01-27,02027,126,0,12,29,55,25,5,0,0,0,0
PAL0203,2003-01-27,02028,94,0,0,3,42,44,4,1,0,0,0
PAL0203,2003-01-27,02029,51,0,0,2,31,14,3,1,0,0,0
PAL0203,2003-02-10,02030,131,0,0,24,35,40,25,7,0,0,0
PAL0203,2003-02-10,02031,93,0,1,1,12,30,41,8,0,0,0
PAL0203,2003-02-10,02032,53,0,0,1,3,14,24,11,0,0,0
PAL0203,2003-02-10,02033,75,0,0,0,3,23,30,18,1,0,0
PAL0304,2004-01-15,03001,56,0,0,0,9,30,14,3,0,0,0
PAL0304,2004-01-15,03002,56,0,0,1,17,24,13,1,0,0,0
PAL0304,2004-01-15,03003,60,0,0,0,6,26,22,6,0,0,0
PAL0304,2004-01-15,03004,54,0,0,0,21,23,9,1,0,0,0
PAL0304,2004-01-15,03005,64,0,0,0,10,33,19,2,0,0,0
PAL0304,2004-01-25,03006,68,0,0,0,3,33,24,6,2,0,0
PAL0304,2004-01-25,03007,55,0,0,1,9,31,13,1,0,0,0
PAL0304,2004-01-25,03008,62,0,0,3,26,29,4,0,0,0,0
PAL0304,2004-01-25,03009,56,0,0,0,6,23,23,4,0,0,0
PAL0304,2004-01-25,03010,51,0,0,0,11,28,12,0,0,0,0
PAL0304,2004-02-05,03011,61,0,0,1,4,27,22,7,0,0,0
PAL0304,2004-02-05,03012,29,0,0,0,8,8,9,4,0,0,0
PAL0304,2004-02-05,03013,9,0,0,0,0,4,1,4,0,0,0
PAL0304,2004-02-05,03014,54,0,0,1,4,21,15,10,3,0,0
PAL0304,2004-02-05,03015,24,0,0,0,2,5,10,7,0,0,0
PAL0405,2005-01-12,04001,50,0,0,0,0,2,23,24,1,0,0
PAL0405,2005-01-12,04002,63,0,0,1,0,5,12,39,6,0,0
PAL0405,2005-01-12,04003,67,0,1,0,0,7,42,17,0,0,0
PAL0405,2005-01-12,04004,51,0,0,0,0,7,28,14,2,0,0
PAL0405,2005-01-12,04005,51,0,0,0,0,4,25,22,0,0,0
PAL0405,2005-01-21,04006,53,0,0,0,0,0,28,25,0,0,0
PAL0405,2005-01-21,04007,34,0,0,1,0,1,24,7,1,0,0
PAL0405,2005-01-21,04008,52,0,0,0,0,1,13,29,8,1,0
PAL0405,2005-01-21,04009,51,0,0,0,1,3,33,14,0,0,0
PAL0405,2005-01-21,04010,42,0,0,0,2,3,24,11,2,0,0
PAL0405,2005-02-01,04011,43,0,0,1,4,5,22,11,0,0,0
PAL0405,2005-02-01,04012,27,0,1,0,1,7,15,3,0,0,0
PAL0405,2005-02-01,04013,59,0,0,0,0,6,34,17,2,0,0
PAL0405,2005-02-01,04014,56,0,0,0,0,6,22,25,3,0,0
PAL0405,2005-02-01,04015,52,0,1,0,0,2,26,21,2,0,0
PAL0506,2005-12-27,05001,0,0,0,0,0,0,0,0,0,0,0
PAL0506,2005-12-27,05002,6,0,0,0,0,0,0,3,3,0,0
PAL0506,2005-12-27,05003,50,0,0,0,0,0,8,29,13,0,0
PAL0506,2005-12-27,05004,50,0,0,0,0,1,14,30,5,0,0
PAL0506,2005-12-27,05005,51,0,0,0,0,1,6,33,11,0,0
PAL0506,2005-12-27,05006,50,0,0,0,0,0,5,28,17,0,0
PAL0506,2006-01-11,05007,50,0,0,0,0,0,7,27,16,0,0
PAL0506,2006-01-11,05008,50,0,0,0,0,0,3,14,26,7,0
PAL0506,2006-01-11,05009,0,0,0,0,0,0,0,0,0,0,0
PAL0506,2006-01-11,05010,75,0,4,0,3,5,10,30,20,3,0
PAL0506,2006-01-11,05011,54,0,0,0,0,2,10,18,23,1,0
PAL0506,2006-01-25,05012,0,0,0,0,0,0,0,0,0,0,0
PAL0506,2006-01-25,05013,0,0,0,0,0,0,0,0,0,0,0
PAL0506,2006-01-30,05014,73,0,0,0,0,1,9,27,31,5,0
PAL0506,2006-01-30,05015,73,0,0,0,1,1,8,34,26,3,0
PAL0607,2007-01-06,06001,40,0,5,9,1,4,10,10,1,0,0
PAL0607,2007-01-06,06002,50,0,14,9,3,2,10,8,4,0,0
PAL0607,2007-01-06,06003,50,1,12,14,4,9,10,0,0,0,0
PAL0607,2007-01-06,06004,51,2,18,24,5,0,1,0,1,0,0
PAL0607,2007-01-06,06005,44,0,0,0,0,6,11,19,7,1,0
PAL0607,2007-01-13,06006,50,1,0,12,10,12,9,4,2,0,0
PAL0607,2007-01-13,06007,50,0,4,23,4,3,10,3,3,0,0
PAL0607,2007-01-13,06008,56,1,9,9,2,6,13,13,3,0,0
PAL0607,2007-01-13,06009,50,0,0,3,0,4,29,13,1,0,0
PAL0607,2007-01-13,06010,52,0,3,18,2,4,23,2,0,0,0
PAL0607,2007-01-19,06011,50,0,0,0,2,2,11,27,6,2,0
PAL0607,2007-01-19,06012,51,0,0,4,5,6,22,7,6,1,0
PAL0607,2007-01-19,06013,51,0,1,8,13,6,11,11,1,0,0
PAL0607,2007-01-19,06014,50,0,2,11,14,7,13,2,0,1,0
PAL0607,2007-01-19,06015,52,0,0,12,13,5,13,9,0,0,0
PAL0607,2007-01-26,06016,56,0,1,23,16,3,3,6,4,0,0
PAL0607,2007-01-26,06017,50,0,0,1,1,1,8,20,15,4,0
PAL0607,2007-01-26,06018,58,0,0,0,0,0,1,19,28,10,0
PAL0607,2007-01-26,06019,52,0,2,11,7,1,6,9,16,0,0
PAL0607,2007-01-26,06020,50,0,1,11,11,7,13,7,0,0,0
PAL0607,2007-02-02,06021,56,0,1,26,21,2,1,1,2,2,0
PAL0607,2007-02-02,06022,51,0,0,11,6,1,2,19,11,1,0
PAL0607,2007-02-02,06023,51,0,0,2,21,5,7,8,5,3,0
PAL0607,2007-02-02,06024,50,0,1,6,2,1,9,11,17,3,0
PAL0607,2007-02-02,06025,50,0,2,5,13,7,5,9,8,1,0
PAL0708,2008-01-04,07001,50,0,0,1,12,20,14,3,0,0,0
PAL0708,2008-01-04,07002,50,0,0,0,3,6,20,13,7,1,0
PAL0708,2008-01-04,07003,50,0,1,1,8,19,13,8,0,0,0
PAL0708,2008-01-04,07004,48,0,0,0,6,20,13,7,2,0,0
PAL0708,2008-01-04,07005,50,0,0,0,9,14,18,4,4,1,0
PAL0708,2008-01-11,07006,52,0,0,1,18,31,1,1,0,0,0
PAL0708,2008-01-11,07007,50,0,2,0,13,28,7,0,0,0,0
PAL0708,2008-01-11,07008,51,0,2,4,35,4,6,0,0,0,0
PAL0708,2008-01-11,07009,50,0,1,0,9,26,12,1,1,0,0
PAL0708,2008-01-11,07010,53,0,1,4,25,21,1,1,0,0,0
PAL0708,2008-01-18,07011,50,0,2,2,24,19,3,0,0,0,0
PAL0708,2008-01-18,07012,44,0,0,0,4,6,11,15,8,0,0
PAL0708,2008-01-18,07013,50,0,3,0,12,33,2,0,0,0,0
PAL0708,2008-01-18,07014,51,0,1,4,22,20,4,0,0,0,0
PAL0708,2008-01-18,07015,44,0,0,1,3,16,16,6,1,0,1
PAL0708,2008-01-27,07016,52,0,10,10,9,12,8,3,0,0,0
PAL0708,2008-01-27,07017,50,0,1,3,1,12,26,6,1,0,0
PAL0708,2008-01-27,07018,50,0,2,1,8,25,9,3,2,0,0
PAL0708,2008-01-27,07019,51,0,0,2,8,20,13,7,1,0,0
PAL0708,2008-01-27,07020,50,0,3,0,7,20,15,2,1,2,0
PAL0708,2008-02-02,07021,50,0,2,12,11,13,11,1,0,0,0
PAL0708,2008-02-02,07022,50,0,2,9,6,24,8,1,0,0,0
PAL0708,2008-02-02,07023,51,0,0,9,10,22,10,0,0,0,0
PAL0708,2008-02-02,07024,50,0,0,1,4,19,20,6,0,0,0
PAL0708,2008-02-02,07025,58,1,4,9,5,20,14,5,0,0,0
PAL0809,2009-01-07,08001,50,0,0,6,20,18,4,1,1,0,0
PAL0809,2009-01-07,08002,50,0,0,3,8,15,15,6,3,0,0
PAL0809,2009-01-19,08003,50,0,0,2,8,24,9,5,2,0,0
PAL0809,2009-01-19,08004,3,0,0,1,1,1,0,0,0,0,0
PAL0809,2009-01-19,08005,50,0,0,0,5,16,6,10,12,1,0
PAL0809,2009-01-19,08006,52,0,0,1,17,11,5,6,8,4,0
PAL0809,2009-01-19,08007,50,0,0,7,13,19,7,1,3,0,0
PAL0809,2009-01-26,08008,12,0,0,1,1,2,5,2,1,0,0
PAL0809,2009-01-26,08009,10,0,0,0,1,4,3,2,0,0,0
PAL0809,2009-01-26,08010,6,0,0,2,3,0,1,0,0,0,0
PAL0809,2009-01-26,08011,40,2,1,5,6,9,12,5,0,0,0
PAL0809,2009-01-26,08012,24,0,0,0,2,6,10,6,0,0,0
PAL0809,2009-02-02,08013,34,0,0,0,7,16,6,3,2,0,0
PAL0809,2009-02-02,08014,40,0,0,0,2,7,10,15,5,1,0
PAL0809,2009-02-02,08015,50,0,0,0,5,14,6,14,10,1,0
PAL0809,2009-02-02,08016,41,0,0,0,1,5,8,18,9,0,0
PAL0809,2009-02-02,08017,49,0,0,0,2,20,11,13,3,0,0
PAL0910,2010-01-03,09001,22,0,0,0,1,4,6,11,0,0,0
PAL0910,2010-01-03,09002,35,0,0,0,1,3,17,14,0,0,0
PAL0910,2010-01-03,09003,26,0,0,0,0,5,11,9,1,0,0
PAL0910,2010-01-12,09004,72,0,3,13,18,8,10,15,5,0,0
PAL0910,2010-01-12,09005,40,0,0,0,0,1,18,17,4,0,0
PAL0910,2010-01-12,09006,79,0,0,2,4,9,26,35,3,0,0
PAL0910,2010-01-12,09007,41,0,0,1,0,4,14,16,6,0,0
PAL0910,2010-01-12,09008,88,0,5,37,24,1,8,11,2,0,0
PAL0910,2010-01-19,09009,88,0,0,1,3,1,19,51,13,0,0
PAL0910,2010-01-19,09010,45,0,0,0,0,0,7,28,10,0,0
PAL0910,2010-01-19,09011,47,0,0,0,1,3,15,23,5,0,0
PAL0910,2010-01-19,09012,56,0,0,0,0,2,12,39,3,0,0
PAL0910,2010-01-19,09013,53,0,0,0,0,1,14,25,12,1,0
PAL0910,2010-01-26,09014,52,0,0,0,4,0,17,23,8,0,0
PAL0910,2010-01-26,09015,29,0,0,1,2,0,8,14,4,0,0
PAL0910,2010-01-26,09016,37,0,1,0,1,2,10,15,8,0,0
PAL0910,2010-01-26,09017,29,0,0,6,5,4,3,9,2,0,0
PAL0910,2010-01-26,09018,115,0,0,3,24,12,7,40,26,3,0
PAL0910,2010-02-04,09019,14,0,1,3,4,1,1,3,1,0,0
PAL0910,2010-02-04,09020,75,0,0,2,9,6,28,25,5,0,0
PAL0910,2010-02-04,09021,99,0,1,4,16,10,11,39,18,0,0
PAL0910,2010-02-04,09022,85,0,0,0,4,4,19,44,13,1,0
PAL0910,2010-02-04,09023,35,0,0,3,11,2,0,14,5,0,0
PAL1011,2011-01-01,10001,24,1,9,9,0,1,4,0,0,0,0
PAL1011,2011-01-01,10002,1,0,0,0,0,0,0,0,0,1,0
PAL1011,2011-01-01,10003,4,0,0,0,0,0,1,2,1,0,0
PAL1011,2011-01-01,10004,7,0,0,0,0,0,3,1,3,0,0
PAL1011,2011-01-01,10005,54,0,0,0,0,0,5,15,22,12,0
PAL1011,2011-01-07,10006,1,0,0,0,0,0,0,0,1,0,0
PAL1011,2011-01-07,10007,60,0,0,0,0,0,2,13,36,9,0
PAL1011,2011-01-07,10008,4,0,0,0,0,0,1,1,2,0,0
PAL1011,2011-01-07,10009,82,0,5,31,26,4,2,8,5,1,0
PAL1011,2011-01-07,10010,65,2,12,17,5,0,10,9,9,1,0
PAL1011,2011-01-15,10011,94,0,6,52,34,1,0,1,0,0,0
PAL1011,2011-01-15,10012,104,0,5,21,65,4,3,1,4,1,0
PAL1011,2011-01-15,10013,49,0,0,0,0,0,5,23,15,6,0
PAL1011,2011-01-15,10014,55,0,4,13,11,4,6,13,4,0,0
PAL1011,2011-01-15,10015,102,0,6,17,10,0,5,31,32,1,0
PAL1011,2011-01-21,10016,46,0,0,17,19,4,2,2,2,0,0
PAL1011,2011-01-21,10017,33,0,0,2,5,4,1,8,12,1,0
PAL1011,2011-01-21,10018,95,0,2,35,44,6,2,3,2,1,0
PAL1011,2011-01-21,10019,56,0,5,25,19,3,0,4,0,0,0
PAL1011,2011-01-21,10020,53,0,0,3,10,3,4,14,15,4,0
PAL1011,2011-01-27,10021,95,0,0,0,1,0,3,46,41,4,0
PAL1011,2011-01-27,10022,10,0,1,0,0,0,0,4,5,0,0
PAL1011,2011-01-27,10023,29,0,0,0,1,1,2,12,8,5,0
PAL1011,2011-01-27,10024,84,0,0,9,42,7,1,17,7,1,0
PAL1011,2011-01-27,10025,29,0,0,0,0,1,3,14,11,0,0
PAL1112,2012-01-08,11001,46,0,0,0,5,29,12,0,0,0,0
PAL1112,2012-01-08,11002,80,0,0,1,0,26,25,13,12,3,0
PAL1112,2012-01-08,11003,22,0,0,0,0,3,16,1,2,0,0
PAL1112,2012-01-08,11004,70,0,1,0,6,28,28,6,1,0,0
PAL1112,2012-01-08,11005,52,0,0,0,1,6,29,14,1,1,0
PAL1112,2012-01-19,11006,36,0,0,2,6,15,12,1,0,0,0
PAL1112,2012-01-19,11007,68,0,0,0,5,24,32,7,0,0,0
PAL1112,2012-01-19,11008,61,0,2,1,8,27,22,1,0,0,0
PAL1112,2012-01-19,11009,55,1,2,0,8,18,20,5,1,0,0
PAL1112,2012-01-19,11010,80,25,39,4,6,3,2,1,0,0,0
PAL1112,2012-01-26,11011,77,0,0,0,3,28,38,8,0,0,0
PAL1112,2012-01-26,11012,96,38,41,4,0,5,8,0,0,0,0
PAL1112,2012-01-26,11013,105,2,1,7,22,42,27,4,0,0,0
PAL1112,2012-01-26,11014,51,0,5,3,4,19,14,4,2,0,0
PAL1112,2012-01-26,11015,44,1,2,3,1,22,14,1,0,0,0
PAL1213,2013-01-03,12001,93,0,1,40,41,9,2,0,0,0,0
PAL1213,2013-01-03,12002,75,0,1,26,43,3,2,0,0,0,0
PAL1213,2013-01-03,12003,57,0,1,11,39,5,1,0,0,0,0
PAL1213,2013-01-03,12004,69,0,2,21,41,4,1,0,0,0,0
PAL1213,2013-01-03,12005,0,0,0,0,0,0,0,0,0,0,0
PAL1213,2013-01-09,12006,101,0,2,39,50,8,0,2,0,0,0
PAL1213,2013-01-09,12007,51,0,0,23,24,1,2,1,0,0,0
PAL1213,2013-01-09,12008,72,1,1,24,35,10,1,0,0,0,0
PAL1213,2013-01-09,12009,66,0,0,17,30,16,3,0,0,0,0
PAL1213,2013-01-09,12010,113,0,0,25,52,31,5,0,0,0,0
PAL1213,2013-01-16,12011,81,0,0,14,32,30,4,1,0,0,0
PAL1213,2013-01-16,12012,109,0,1,37,62,7,1,1,0,0,0
PAL1213,2013-01-16,12013,73,0,1,13,40,19,0,0,0,0,0
PAL1213,2013-01-16,12014,54,0,0,13,37,4,0,0,0,0,0
PAL1213,2013-01-16,12015,75,0,0,9,48,15,3,0,0,0,0
PAL1213,2013-01-23,12016,106,0,0,10,72,15,7,2,0,0,0
PAL1213,2013-01-23,12017,50,0,2,4,35,4,2,3,0,0,0
PAL1213,2013-01-23,12018,108,0,0,35,57,13,3,0,0,0,0
PAL1213,2013-01-23,12019,67,0,0,25,40,2,0,0,0,0,0
PAL1213,2013-01-23,12020,110,0,1,34,56,17,1,1,0,0,0
PAL1213,2013-01-28,12021,99,0,0,16,57,20,5,1,0,0,0
PAL1213,2013-01-28,12022,85,0,0,11,54,18,1,1,0,0,0
PAL1213,2013-01-28,12023,73,0,0,18,50,5,0,0,0,0,0
PAL1213,2013-01-28,12024,73,0,0,18,38,13,4,0,0,0,0
PAL1213,2013-01-28,12025,99,0,0,5,46,29,15,4,0,0,0
PAL1314,2014-01-06,13001,0,0,0,0,0,0,0,0,0,0,0
PAL1314,2014-01-06,13002,0,0,0,0,0,0,0,0,0,0,0
PAL1314,2014-01-06,13003,0,0,0,0,0,0,0,0,0,0,0
PAL1314,2014-01-06,13004,5,0,0,1,1,1,2,0,0,0,0
PAL1314,2014-01-16,13005,51,0,1,0,1,8,22,18,1,0,0
PAL1314,2014-01-16,13006,124,1,19,13,21,36,29,5,0,0,0
PAL1314,2014-01-16,13007,37,0,0,2,2,14,10,9,0,0,0
PAL1314,2014-01-16,13008,49,0,1,2,4,9,23,10,0,0,0
PAL1314,2014-01-16,13009,48,0,0,0,4,13,22,8,1,0,0
PAL1314,2014-01-22,13010,8,0,0,0,1,2,3,2,0,0,0
PAL1314,2014-01-22,13011,65,0,0,0,3,6,26,23,7,0,0
PAL1314,2014-01-22,13012,75,0,0,2,4,12,28,29,0,0,0
PAL1314,2014-01-22,13013,79,0,10,10,9,6,30,14,0,0,0
PAL1314,2014-01-22,13014,78,1,2,4,8,12,31,19,1,0,0
PAL1314,2014-01-27,13015,97,0,1,2,1,6,34,49,4,0,0
PAL1314,2014-01-27,13016,42,0,0,4,6,11,13,7,1,0,0
PAL1314,2014-01-27,13017,66,0,3,30,16,11,4,2,0,0,0
PAL1314,2014-01-27,13018,119,0,18,19,18,25,25,13,1,0,0
PAL1314,2014-01-27,13020,57,0,0,0,3,7,29,18,0,0,0
PAL1314,2014-02-01,13021,89,0,2,32,16,16,17,4,2,0,0
PAL1314,2014-02-01,13022,114,0,0,11,8,20,36,36,2,1,0
PAL1314,2014-02-01,12023,62,0,0,0,1,7,20,25,9,0,0
PAL1314,2014-02-01,13024,61,0,1,24,11,8,10,6,1,0,0
PAL1314,2014-02-01,13025,112,0,2,42,27,4,16,20,1,0,0
PAL1415,2015-01-03,14001,88,0,0,0,1,2,20,53,12,0,0
PAL1415,2015-01-03,14002,36,2,2,1,1,14,11,2,2,1,0
PAL1415,2015-01-03,14003,103,1,5,0,15,36,41,5,0,0,0
PAL1415,2015-01-03,14004,100,0,1,0,3,17,28,44,6,1,0
PAL1415,2015-01-03,14005,64,0,0,0,1,2,6,40,15,0,0
PAL1415,2015-01-11,14006,12,0,0,1,1,2,5,3,0,0,0
PAL1415,2015-01-11,14007,88,0,10,23,3,12,19,21,0,0,0
PAL1415,2015-01-11,14008,27,0,0,0,0,7,7,12,1,0,0
PAL1415,2015-01-11,14009,108,0,0,1,0,22,49,33,3,0,0
PAL1415,2015-01-11,14010,46,0,0,0,0,4,12,25,5,0,0
PAL1415,2015-01-18,14011,131,0,0,1,0,8,58,59,5,0,0
PAL1415,2015-01-18,14012,94,0,1,4,0,15,40,30,4,0,0
PAL1415,2015-01-18,14013,40,0,0,0,1,3,19,17,0,0,0
PAL1415,2015-01-18,14014,58,0,0,2,2,5,21,23,5,0,0
PAL1415,2015-01-18,14015,71,0,0,1,1,11,33,22,3,0,0
PAL1415,2015-01-26,14016,36,0,0,0,0,2,16,16,2,0,0
PAL1415,2015-01-26,14017,86,0,1,0,0,5,30,44,6,0,0
PAL1415,2015-01-26,14018,36,0,0,0,0,1,11,23,1,0,0
PAL1415,2015-01-26,14019,10,0,0,0,0,0,3,6,1,0,0
PAL1415,2015-01-26,14020,34,0,0,0,4,1,10,18,1,0,0
PAL1415,2015-02-03,14021,199,0,0,1,0,7,87,92,12,0,0
PAL1415,2015-02-03,14022,26,0,0,1,0,0,8,14,3,0,0
PAL1415,2015-02-03,14023,82,0,0,0,0,3,25,43,11,0,0
PAL1415,2015-02-03,14024,40,0,0,0,0,2,9,21,8,0,0
PAL1415,2015-02-03,14025,24,0,0,0,0,1,14,9,0,0,0
PAL1415,2015-02-09,14025,134,0,0,3,1,4,58,60,8,0,0
PAL1516,2016-01-06,15001,49,0,0,0,0,0,12,18,18,1,0
PAL1516,2016-01-06,15002,33,0,0,0,0,0,2,13,15,3,0
PAL1516,2016-01-06,15003,99,0,0,1,1,3,30,43,19,2,0
PAL1516,2016-01-06,15004,34,0,0,0,0,0,4,13,15,2,0
PAL1516,2016-01-06,15005,2,0,0,0,0,0,1,0,1,0,0
PAL1516,2016-01-12,15006,35,0,0,0,0,1,13,16,5,0,0
PAL1516,2016-01-12,15007,70,0,0,1,0,0,7,30,29,3,0
PAL1516,2016-01-12,15008,63,0,0,0,2,0,8,29,24,0,0
PAL1516,2016-01-12,15009,69,0,0,2,4,0,28,28,6,1,0
PAL1516,2016-01-12,15010,75,0,2,2,1,1,12,32,18,7,0
PAL1516,2016-01-18,15011,90,0,1,0,0,1,18,49,20,1,0
PAL1516,2016-01-18,15012,74,0,0,0,0,2,25,34,12,1,0
PAL1516,2016-01-18,15013,52,3,1,1,0,0,4,13,25,5,0
PAL1516,2016-01-18,15014,116,1,8,12,5,4,37,35,12,2,0
PAL1516,2016-01-18,15015,83,0,0,5,4,3,15,36,15,5,0
PAL1516,2016-01-25,15016,90,0,12,19,13,5,11,23,5,2,0
PAL1516,2016-01-25,15017,39,0,0,1,1,1,6,15,14,1,0
PAL1516,2016-01-25,15018,39,0,0,1,0,3,10,16,9,0,0
PAL1516,2016-01-25,15019,25,0,0,0,0,0,1,6,18,0,0
PAL1516,2016-01-25,15020,52,0,0,0,0,0,1,10,31,10,0
PAL1617,2017-01-05,16001,27,0,0,0,1,3,17,4,2,0,0
PAL1617,2017-01-05,16002,53,0,0,0,0,3,12,23,15,0,0
PAL1617,2017-01-05,16003,56,0,0,0,0,1,27,21,7,0,0
PAL1617,2017-01-05,16004,83,4,17,29,13,8,10,2,0,0,0
PAL1617,2017-01-05,16005,89,0,0,1,1,6,41,28,10,2,0
PAL1617,2017-01-10,16006,82,0,0,0,0,2,10,44,23,3,0
PAL1617,2017-01-10,16007,73,0,3,14,12,7,18,12,6,1,0
PAL1617,2017-01-10,16008,59,0,0,0,0,2,17,28,12,0,0
PAL1617,2017-01-10,16009,65,0,0,0,0,1,8,30,22,4,0
PAL1617,2017-01-10,16010,92,1,0,10,10,5,28,30,7,1,0
PAL1617,2017-01-15,16011,91,0,0,0,4,4,40,41,2,0,0
PAL1617,2017-01-15,16012,55,0,0,0,0,2,10,20,23,0,0
PAL1617,2017-01-15,16013,43,0,0,0,0,4,19,19,1,0,0
PAL1617,2017-01-15,16014,25,0,0,0,0,0,1,11,13,0,0
PAL1617,2017-01-15,16015,61,0,0,2,0,0,18,29,12,0,0
PAL1617,2017-01-22,16016,52,0,0,0,0,0,4,23,20,5,0
PAL1617,2017-01-22,16017,91,0,0,0,2,1,22,32,31,3,0
PAL1617,2017-01-22,16018,57,0,0,2,3,4,16,19,9,4,0
PAL1617,2017-01-22,16019,56,0,0,0,1,1,9,27,18,0,0
PAL1617,2017-01-22,16020,18,0,0,0,0,0,5,4,8,1,0
PAL1718,2018-01-03,17001,67,0,0,0,3,23,33,6,0,2,0
PAL1718,2018-01-03,17002,52,0,0,1,6,22,19,3,1,0,0
PAL1718,2018-01-03,17003,52,0,0,6,16,20,9,0,1,0,0
PAL1718,2018-01-03,17004,61,3,1,7,8,29,13,0,0,0,0
PAL1718,2018-01-03,17005,86,0,0,1,8,51,20,5,1,0,0
PAL1718,2018-01-08,17006,69,0,3,9,4,27,14,9,3,0,0
PAL1718,2018-01-08,17007,41,0,0,3,1,14,13,6,4,0,0
PAL1718,2018-01-08,17008,63,0,1,0,3,31,26,2,0,0,0
PAL1718,2018-01-08,17009,96,2,17,23,11,28,14,0,1,0,0
PAL1718,2018-01-08,17010,82,1,25,17,4,16,16,2,1,0,0
PAL1718,2018-01-15,17011,64,0,0,1,1,13,39,10,0,0,0
PAL1718,2018-01-15,17012,62,0,1,2,2,20,32,3,2,0,0
PAL1718,2018-01-15,17013,82,0,29,21,4,12,14,1,1,0,0
PAL1718,2018-01-15,17014,97,0,12,14,6,32,26,7,0,0,0
PAL1718,2018-01-15,17015,50,0,0,1,0,24,23,2,0,0,0
PAL1718,2018-01-23,17016,120,0,5,14,10,38,44,5,4,0,0
PAL1718,2018-01-23,17017,64,0,0,0,3,19,35,7,0,0,0
PAL1718,2018-01-23,17018,56,0,1,4,8,19,22,0,2,0,0
PAL1718,2018-01-23,17019,132,0,11,48,16,24,25,8,0,0,0
PAL1718,2018-01-23,17020,81,0,1,5,11,22,36,6,0,0,0
PAL1718,2018-01-29,17021,77,0,10,31,15,9,10,2,0,0,0
PAL1718,2018-01-29,17022,42,0,0,5,6,11,13,6,1,0,0
PAL1718,2018-01-29,17023,67,0,1,17,23,5,20,1,0,0,0
PAL1718,2018-01-29,17024,96,0,6,20,19,24,25,2,0,0,0
PAL1718,2018-01-29,17025,92,0,3,21,10,19,31,8,0,0,0
