,studyName,Date,Island,Colony,Time,Sample Number,Bird Weight (g),Sex,Culmen Length (mm),Culmen Depth (mm),Sample Weight (g),E. superba Weight (g),Number of E. superba,T. macrura Weight (g),Number of T. macrura,Fish Weight (g),Number of Fish,year,month
0,PAL9293,1993-01-11,TOR,12,1700,92001,4600,M,39.5,18.4,439.0,624.0,1376,0.0,0,0.0,0,1993,1
1,PAL9293,1993-01-11,TOR,12,1700,92002,3950,F,33.5,17.6,212.0,390.0,650,0.0,0,0.0,0,1993,1
2,PAL9293,1993-01-11,TOR,12,1700,92003,4000,M,36.0,17.4,220.0,466.0,645,0.0,0,0.0,0,1993,1
3,PAL9293,1993-01-11,TOR,12,1700,92004,4950,M,39.3,20.6,247.0,350.0,569,0.0,0,0.0,0,1993,1
4,PAL9293,1993-01-11,TOR,12,1700,92005,4000,F,35.1,16.2,113.0,141.0,329,0.0,0,0.0,0,1993,1
5,PAL9293,1993-01-19,TOR,12,1700,92006,4100,F,37.4,17.2,157.0,157.0,547,0.0,0,0.0,0,1993,1
6,PAL9293,1993-01-19,TOR,12,1700,92007,5150,M,41.4,18.5,207.0,207.0,759,0.0,0,0.0,0,1993,1
7,PAL9293,1993-01-19,TOR,12,1700,92008,4750,F,38.7,18.1,350.0,350.0,1203,0.0,0,0.0,0,1993,1
8,PAL9293,1993-01-19,TOR,12,1700,92009,4300,F,35.6,17.0,171.0,171.0,617,0.0,0,0.0,0,1993,1
9,PAL9293,1993-01-19,TOR,12,1700,92010,4650,M,43.7,19.5,187.0,187.0,556,0.0,0,0.0,0,1993,1
10,PAL9293,1993-01-23,TOR,23,1730,92011,5200,F,34.5,18.5,246.0,297.0,1025,0.0,0,0.0,0,1993,1
11,PAL9293,1993-01-23,TOR,23,1730,92012,5200,M,39.7,19.1,216.0,216.0,888,0.0,0,0.0,0,1993,1
12,PAL9293,1993-01-23,TOR,23,1730,92013,4850,M,37.8,18.4,140.0,174.0,514,0.0,0,0.0,0,1993,1
13,PAL9293,1993-01-23,TOR,23,1730,92014,4900,F,36.5,19.9,137.0,211.0,594,0.0,0,0.0,0,1993,1
14,PAL9293,1993-01-23,TOR,23,1730,92015,4550,M,39.6,17.5,174.0,198.0,526,0.0,0,0.0,0,1993,1
15,PAL9293,1993-01-30,TOR,23,1700,92016,4150,M,38.0,17.2,145.0,239.0,453,0.0,0,0.0,0,1993,1
16,PAL9293,1993-01-30,TOR,23,1700,92017,3950,M,40.3,20.5,216.0,563.0,728,0.0,0,0.0,0,1993,1
17,PAL9293,1993-01-30,TOR,23,1700,92018,3850,F,35.0,15.9,166.0,418.0,462,0.0,0,0.0,0,1993,1
18,PAL9293,1993-01-30,TOR,23,1700,92019,4400,M,36.5,19.9,199.0,566.0,448,0.0,0,0.0,0,1993,1
19,PAL9293,1993-01-30,TOR,23,1700,92020,3500,F,39.0,20.0,182.0,357.0,757,0.0,0,0.0,0,1993,1
20,PAL9293,1993-02-04,TOR,23,1700,92021,4400,F,37.5,17.6,213.0,446.0,617,0.0,0,0.0,0,1993,2
21,PAL9293,1993-02-04,TOR,23,1700,92022,4275,F,37.0,18.7,199.0,199.0,630,0.0,0,0.0,0,1993,2
22,PAL9293,1993-02-04,TOR,23,1700,92023,4600,M,37.5,17.0,260.0,738.0,781,0.0,0,0.0,0,1993,2
23,PAL9293,1993-02-04,TOR,23,1700,92024,5000,M,40.0,19.1,367.0,479.0,1099,0.0,0,0.0,0,1993,2
24,PAL9293,1993-02-04,TOR,23,1700,92025,4950,M,40.1,19.8,176.0,340.0,527,0.0,0,0.0,0,1993,2
25,PAL9293,1993-02-09,TOR,23,1800,92026,4750,F,36.5,17.7,260.0,404.0,753,0.0,0,0.0,0,1993,2
26,PAL9293,1993-02-09,TOR,23,1800,92027,4600,F,35.3,16.3,253.0,355.0,605,0.0,0,0.0,0,1993,2
27,PAL9293,1993-02-09,TOR,23,1800,92028,4900,M,41.7,19.3,254.0,414.0,650,0.0,0,0.0,0,1993,2
28,PAL9293,1993-02-09,TOR,23,1800,92029,5200,M,40.8,19.5,190.0,342.0,494,0.0,0,0.0,0,1993,2
29,PAL9293,1993-02-09,TOR,23,1800,92030,4700,F,35.8,18.6,199.0,430.0,415,0.0,0,0.0,0,1993,2
30,PAL9293,1993-02-14,TOR,23,1800,92031,4250,M,38.9,19.2,179.0,324.0,358,0.0,0,39.0,1,1993,2
31,PAL9293,1993-02-14,TOR,23,1800,92032,3500,F,33.6,17.9,215.0,30.0,77,185.0,231,39.0,1,1993,2
32,PAL9293,1993-02-14,TOR,23,1800,92033,4100,F,37.5,18.1,209.0,363.0,559,0.0,0,2.0,1,1993,2
33,PAL9293,1993-02-14,TOR,23,1800,92034,4450,M,38.7,18.4,277.0,518.0,604,0.0,0,1.0,1,1993,2
34,PAL9293,1993-02-14,TOR,23,1800,92035,4300,M,38.8,18.6,211.0,339.0,460,0.0,0,0.0,0,1993,2
35,PAL9293,1993-02-19,TOR,23,1800,92036,4150,F,36.1,18.0,170.0,520.0,354,0.0,0,0.0,0,1993,2
36,PAL9293,1993-02-19,TOR,23,1800,92037,4700,M,44.7,19.2,169.0,285.0,367,0.0,0,4.0,1,1993,2
37,PAL9293,1993-02-19,TOR,23,1800,92038,4950,F,36.6,19.0,235.0,435.0,490,0.0,0,13.0,1,1993,2
38,PAL9293,1993-02-19,TOR,23,1800,92039,4550,F,39.4,16.7,205.0,415.0,466,0.0,0,0.0,0,1993,2
39,PAL9293,1993-02-19,TOR,23,1800,92040,4750,F,36.6,17.1,397.0,489.0,818,120.0,2454,0.0,0,1993,2
40,PAL9394,1994-01-11,TOR,23,1700,93001,4950,M,39.3,17.7,255.0,484.0,405,0.0,0,0.0,0,1994,1
41,PAL9394,1994-01-11,TOR,23,1700,93002,4700,M,40.2,18.0,188.0,592.0,470,0.0,0,0.0,0,1994,1
42,PAL9394,1994-01-11,TOR,23,1700,93003,5200,M,40.9,20.5,315.0,315.0,814,0.0,0,0.0,0,1994,1
43,PAL9394,1994-01-11,TOR,23,1700,93004,4450,F,38.0,19.0,233.0,364.0,561,0.0,0,0.0,0,1994,1
44,PAL9394,1994-01-11,TOR,23,1700,93005,4150,F,36.5,17.7,107.0,238.0,218,0.0,0,0.0,0,1994,1
45,PAL9394,1994-01-16,TOR,23,1630,93006,4050,F,34.4,17.7,148.0,393.0,400,0.0,0,0.0,0,1994,1
46,PAL9394,1994-01-16,TOR,23,1630,93007,4400,M,35.4,19.5,233.0,468.0,431,0.0,0,0.0,0,1994,1
47,PAL9394,1994-01-16,TOR,23,1630,93008,4650,M,40.0,21.6,152.0,412.0,385,0.0,0,0.0,0,1994,1
48,PAL9394,1994-01-16,TOR,23,1630,93009,4550,F,37.5,19.2,146.0,256.0,280,0.0,0,0.0,0,1994,1
49,PAL9394,1994-01-16,TOR,23,1630,93010,4800,M,41.2,22.2,340.0,605.0,657,0.0,0,0.0,0,1994,1
50,PAL9394,1994-01-21,TOR,23,1730,93011,4050,F,37.6,17.8,138.0,258.0,296,0.0,0,0.0,0,1994,1
51,PAL9394,1994-01-21,TOR,23,1730,93012,4450,M,40.4,20.3,185.0,415.0,353,0.0,0,0.0,0,1994,1
52,PAL9394,1994-01-21,TOR,23,1730,93013,4500,F,36.6,18.6,166.0,481.0,368,0.0,0,0.0,0,1994,1
53,PAL9394,1994-01-21,TOR,23,1730,93014,4400,F,37.0,16.5,135.0,565.0,355,0.0,0,0.0,0,1994,1
54,PAL9394,1994-01-21,TOR,23,1730,93015,4100,F,39.5,19.4,71.0,71.0,132,0.0,0,0.0,0,1994,1
55,PAL9394,1994-01-26,TOR,23,1630,93016,5200,M,39.0,21.5,383.0,383.0,926,0.0,0,0.0,0,1994,1
56,PAL9394,1994-01-26,TOR,23,1630,93017,4250,F,38.2,22.2,150.0,150.0,375,0.0,0,0.0,0,1994,1
57,PAL9394,1994-01-26,TOR,23,1630,93018,5200,M,40.9,19.2,207.0,332.0,391,0.0,0,0.0,0,1994,1
58,PAL9394,1994-01-26,TOR,23,1630,93019,4450,M,40.5,18.4,181.0,361.0,427,0.0,0,0.0,0,1994,1
59,PAL9394,1994-01-26,TOR,23,1630,93020,4550,F,37.2,16.8,207.0,207.0,414,0.0,0,0.0,0,1994,1
60,PAL9394,1994-02-01,TOR,23,1900,93021,4250,M,40.8,18.2,211.0,306.0,440,0.0,0,0.0,0,1994,2
61,PAL9394,1994-02-01,TOR,23,1900,93022,4400,F,37.7,17.6,191.0,351.0,392,0.0,0,0.0,0,1994,2
62,PAL9394,1994-02-01,TOR,23,1900,93023,4350,F,36.2,19.0,186.0,281.0,465,0.0,0,0.0,0,1994,2
63,PAL9394,1994-02-01,TOR,23,1900,93024,4950,M,39.5,19.1,349.0,489.0,632,0.0,0,0.0,0,1994,2
64,PAL9394,1994-02-01,TOR,23,1900,93025,4400,M,40.0,22.0,181.0,241.0,461,0.0,0,0.0,0,1994,2
65,PAL9394,1994-02-07,TOR,23,1630,93026,3700,F,37.7,18.5,145.0,356.0,294,14.0,168,1.0,1,1994,2
66,PAL9394,1994-02-07,TOR,23,1630,93027,4150,F,38.3,17.5,196.0,361.0,377,20.0,240,0.0,0,1994,2
67,PAL9394,1994-02-07,TOR,23,1630,93028,4500,M,39.1,19.2,188.0,404.0,348,19.0,228,0.0,0,1994,2
68,PAL9394,1994-02-07,TOR,23,1630,93029,4150,F,37.6,17.4,129.0,276.0,280,13.0,156,0.0,0,1994,2
69,PAL9394,1994-02-07,TOR,23,1630,93030,4450,F,36.6,18.5,257.0,617.0,490,0.0,0,0.0,0,1994,2
70,PAL9394,1994-02-13,TOR,23,1630,93031,3950,F,37.0,16.1,145.0,185.0,290,0.0,0,0.0,0,1994,2
71,PAL9394,1994-02-13,TOR,23,1630,93032,4250,M,39.9,19.2,189.0,609.0,363,0.0,0,0.0,0,1994,2
72,PAL9394,1994-02-13,TOR,23,1630,93033,3900,F,36.5,18.0,378.0,378.0,727,0.0,0,0.0,0,1994,2
73,PAL9394,1994-02-13,TOR,23,1630,93034,4250,M,38.3,20.4,188.0,398.0,368,21.0,252,0.0,0,1994,2
74,PAL9394,1994-02-13,TOR,23,1630,93035,4450,M,41.7,20.1,351.0,351.0,650,0.0,0,0.0,0,1994,2
75,PAL9394,1994-02-18,TOR,23,1830,93036,3650,F,34.4,17.0,162.0,372.0,352,0.0,0,0.0,0,1994,2
76,PAL9394,1994-02-18,TOR,23,1830,93037,4400,F,38.0,18.2,239.0,215.0,498,184.0,1288,2.0,1,1994,2
77,PAL9394,1994-02-18,TOR,23,1830,93038,4350,M,39.1,18.3,290.0,410.0,498,24.0,288,2.0,1,1994,2
78,PAL9394,1994-02-18,TOR,23,1830,93039,5300,M,39.4,19.2,289.0,809.0,501,0.0,0,0.0,0,1994,2
79,PAL9394,1994-02-18,TOR,23,1830,93040,0,F,37.0,18.5,161.0,286.0,355,0.0,0,0.0,0,1994,2
80,PAL9495,1995-01-11,TOR,23,1630,94001,4100,F,37.6,16.4,0.0,344.0,1222,10.0,120,0.0,0,1995,1
81,PAL9495,1995-01-11,TOR,23,1630,94002,3900,M,39.1,18.5,0.0,2.0,7,287.0,3444,0.0,0,1995,1
82,PAL9495,1995-01-11,TOR,23,1630,94003,4600,F,37.5,17.8,0.0,262.0,528,0.0,0,0.0,0,1995,1
83,PAL9495,1995-01-11,TOR,23,1630,94004,3900,M,39.5,21.6,192.0,344.0,453,0.0,0,0.0,0,1995,1
84,PAL9495,1995-01-11,TOR,23,1630,94005,4350,M,40.7,18.8,258.0,478.0,848,0.0,0,0.0,0,1995,1
85,PAL9495,1995-01-17,TOR,23,1800,94006,4250,M,39.7,17.8,252.0,392.0,695,0.0,0,0.0,0,1995,1
86,PAL9495,1995-01-17,TOR,23,1800,94007,3800,F,34.8,17.2,163.0,26.0,62,141.0,1765,0.0,0,1995,1
87,PAL9495,1995-01-17,TOR,23,1800,94008,3850,F,37.2,18.2,247.0,572.0,512,0.0,0,0.0,0,1995,1
88,PAL9495,1995-01-17,TOR,23,1800,94009,4300,M,38.0,18.7,303.0,300.0,560,303.0,3755,0.0,0,1995,1
89,PAL9495,1995-01-17,TOR,23,1800,94010,4050,F,38.4,18.3,80.0,210.0,162,0.0,0,0.0,0,1995,1
90,PAL9495,1995-01-22,TOR,23,1900,94011,4600,M,39.6,20.0,184.0,52.0,155,352.0,1900,0.0,0,1995,1
91,PAL9495,1995-01-22,TOR,23,1900,94012,4300,M,35.7,18.7,200.0,320.0,401,0.0,0,0.0,0,1995,1
92,PAL9495,1995-01-22,TOR,23,1900,94013,3950,F,34.5,14.8,234.0,659.0,468,0.0,0,0.0,0,1995,1
93,PAL9495,1995-01-22,TOR,23,1900,94014,4750,M,38.8,19.7,225.0,360.0,468,0.0,0,0.0,0,1995,1
94,PAL9495,1995-01-22,TOR,23,1900,94015,4950,M,40.5,19.1,350.0,588.0,811,0.0,0,2.0,1,1995,1
95,PAL9495,1995-01-27,TOR,23,1800,94016,4200,F,37.3,18.5,184.0,654.0,340,0.0,0,0.0,0,1995,1
96,PAL9495,1995-01-27,TOR,23,1800,94017,4300,M,40.7,18.2,355.0,825.0,553,0.0,0,0.0,0,1995,1
97,PAL9495,1995-01-27,TOR,23,1800,94018,4550,M,41.1,19.0,206.0,336.0,418,0.0,0,0.0,0,1995,1
98,PAL9495,1995-01-27,TOR,23,1800,94019,4950,M,42.4,18.6,250.0,440.0,469,0.0,0,0.0,0,1995,1
99,PAL9495,1995-01-27,TOR,23,1800,94020,4250,F,34.1,17.4,168.0,445.0,197,65.0,780,3.0,1,1995,1
100,PAL9495,1995-02-02,TOR,23,1830,94021,4400,F,36.0,17.9,253.0,603.0,441,0.0,0,0.0,0,1995,2
101,PAL9495,1995-02-02,TOR,23,1830,94022,3750,F,37.3,17.8,188.0,240.0,180,57.0,444,1.0,1,1995,2
102,PAL9495,1995-02-02,TOR,23,1830,94023,4250,F,32.7,17.7,232.0,332.0,365,0.0,0,0.0,0,1995,2
103,PAL9495,1995-02-02,TOR,23,1830,94024,4150,M,39.6,17.8,211.0,541.0,361,0.0,0,0.0,0,1995,2
104,PAL9495,1995-02-02,TOR,23,1830,94025,5050,M,37.3,19.2,252.0,612.0,449,0.0,0,0.0,0,1995,2
105,PAL9495,1995-02-06,TOR,23,1830,94026,3950,F,34.4,17.0,207.0,327.0,421,0.0,0,0.0,0,1995,2
106,PAL9495,1995-02-06,TOR,23,1830,94027,4250,M,40.0,19.4,285.0,765.0,570,0.0,0,0.0,0,1995,2
107,PAL9495,1995-02-06,TOR,23,1830,94028,3900,M,40.6,18.5,171.0,415.0,256,1.0,12,0.0,0,1995,2
108,PAL9495,1995-02-06,TOR,23,1830,94029,4250,F,35.3,15.5,184.0,514.0,374,0.0,0,0.0,0,1995,2
109,PAL9495,1995-02-06,TOR,23,1830,94030,4300,M,40.8,17.5,208.0,403.0,416,0.0,0,0.0,0,1995,2
110,PAL9495,1995-02-13,TOR,23,1900,94031,4100,F,34.5,17.6,218.0,461.0,383,1.0,12,1.0,1,1995,2
111,PAL9495,1995-02-13,TOR,23,1900,94032,5200,M,39.8,18.2,328.0,738.0,586,0.0,0,0.0,0,1995,2
112,PAL9495,1995-02-13,TOR,23,1900,94033,4650,F,36.0,17.0,103.0,102.0,170,0.0,0,1.0,1,1995,2
113,PAL9495,1995-02-13,TOR,23,1900,94034,4300,M,38.6,18.7,317.0,706.0,540,0.0,0,1.0,1,1995,2
114,PAL9495,1995-02-13,TOR,23,1900,94035,5200,M,38.6,19.0,229.0,473.0,133,0.0,0,6.0,1,1995,2
115,PAL9495,1995-02-18,TOR,23,1930,94036,4350,M,40.7,18.8,212.0,416.0,360,0.0,0,1.0,1,1995,2
116,PAL9495,1995-02-18,TOR,23,1930,94037,5000,M,43.5,20.3,218.0,366.0,454,1.0,12,1.0,1,1995,2
117,PAL9495,1995-02-18,TOR,23,1930,94038,4750,F,37.5,19.0,207.0,372.0,404,0.0,0,0.0,0,1995,2
118,PAL9495,1995-02-18,TOR,23,1930,94039,5200,F,35.6,17.8,136.0,344.0,230,1.0,12,0.0,0,1995,2
119,PAL9495,1995-02-18,TOR,23,1930,94040,4450,F,38.2,18.7,247.0,427.0,477,0.0,0,0.0,0,1995,2
120,PAL9596,1996-01-11,TOR,23,1830,95001,4650,M,41.7,17.8,195.0,195.0,287,0.0,0,0.0,0,1996,1
121,PAL9596,1996-01-11,TOR,23,1830,95002,4200,F,38.2,17.3,191.0,191.0,224,0.0,0,0.0,0,1996,1
122,PAL9596,1996-01-11,TOR,23,1830,95003,4200,F,35.7,16.7,147.0,342.0,220,0.0,0,0.0,0,1996,1
123,PAL9596,1996-01-11,TOR,23,1830,95004,6000,M,42.4,19.8,215.0,215.0,328,0.0,0,0.0,0,1996,1
124,PAL9596,1996-01-11,TOR,23,1830,95005,4600,F,38.2,17.3,243.0,238.0,466,5.0,60,0.0,0,1996,1
125,PAL9596,1996-01-16,TOR,23,1830,95006,3825,F,37.4,16.8,185.0,185.0,289,0.0,0,0.0,0,1996,1
126,PAL9596,1996-01-16,TOR,23,1830,95007,4400,F,36.1,16.9,213.0,213.0,713,0.0,0,0.0,0,1996,1
127,PAL9596,1996-01-16,TOR,23,1830,95008,4400,M,42.3,18.5,272.0,270.0,350,0.0,0,2.0,1,1996,1
128,PAL9596,1996-01-16,TOR,23,1830,95009,4625,F,34.7,18.4,204.0,203.0,392,0.0,0,1.0,1,1996,1
129,PAL9596,1996-01-16,TOR,23,1830,95010,4625,F,37.3,17.6,197.0,195.0,338,0.0,0,1.0,1,1996,1
130,PAL9596,1996-01-22,TOR,23,1900,95011,4625,M,39.2,18.7,300.0,300.0,988,0.0,0,0.0,0,1996,1
131,PAL9596,1996-01-22,TOR,23,1900,95012,4400,F,36.1,18.0,65.0,212.0,528,0.0,0,15.0,1,1996,1
132,PAL9596,1996-01-22,TOR,23,1900,95013,4225,F,38.3,17.8,332.0,332.0,690,0.0,0,0.0,0,1996,1
133,PAL9596,1996-01-22,TOR,23,1900,95014,4475,M,38.2,18.9,379.0,187.0,291,187.0,2244,2.0,1,1996,1
134,PAL9596,1996-01-22,TOR,23,1900,95015,5600,F,37.7,17.5,259.0,343.0,687,150.0,1800,3.0,1,1996,1
135,PAL9596,1996-01-27,TOR,23,1930,95016,4100,F,35.4,18.0,215.0,349.0,860,0.0,0,1.0,1,1996,1
136,PAL9596,1996-01-27,TOR,23,1930,95017,3750,F,37.8,18.0,277.0,276.0,426,0.0,0,0.0,0,1996,1
137,PAL9596,1996-01-27,TOR,23,1930,95018,4525,M,38.7,18.9,259.0,259.0,426,0.0,0,0.0,0,1996,1
138,PAL9596,1996-01-27,TOR,23,1930,95019,4150,F,36.2,17.5,175.0,115.0,175,58.0,696,0.0,0,1996,1
139,PAL9596,1996-01-27,TOR,23,1930,95020,4300,F,33.3,16.5,155.0,153.0,220,58.0,696,0.0,0,1996,1
140,PAL9596,1996-02-01,TOR,23,1900,95021,3900,F,36.3,17.5,140.0,49.0,42,108.0,1296,0.0,0,1996,2
141,PAL9596,1996-02-01,TOR,23,1900,95022,4300,M,37.7,19.1,203.0,192.0,358,0.0,0,21.0,1,1996,2
142,PAL9596,1996-02-01,TOR,23,1900,95023,4750,M,38.9,17.0,137.0,129.0,168,0.0,0,8.0,1,1996,2
143,PAL9596,1996-02-01,TOR,23,1900,95024,4050,M,38.2,18.0,141.0,160.0,267,0.0,0,1.0,1,1996,2
144,PAL9596,1996-02-01,TOR,23,1900,95025,4450,M,40.3,19.8,237.0,601.0,314,0.0,0,6.0,1,1996,2
145,PAL9596,1996-02-06,TOR,23,1900,95026,4450,F,37.8,18.9,191.0,190.0,278,0.0,0,0.0,0,1996,2
146,PAL9596,1996-02-06,TOR,23,1900,95027,4450,M,37.6,19.5,245.0,241.0,448,0.0,0,3.0,1,1996,2
147,PAL9596,1996-02-06,TOR,23,1900,95028,4075,F,38.9,19.2,130.0,130.0,159,0.0,0,0.0,0,1996,2
148,PAL9596,1996-02-06,TOR,23,1900,95029,5200,M,42.4,19.6,258.0,248.0,810,0.0,0,0.0,0,1996,2
149,PAL9596,1996-02-06,TOR,23,1900,95030,4650,F,36.3,18.5,141.0,141.0,371,0.0,0,0.0,0,1996,2
150,PAL9596,1996-02-11,TOR,23,1730,95031,5200,M,38.7,20.3,150.0,300.0,342,0.0,0,0.0,0,1996,2
151,PAL9596,1996-02-11,TOR,23,1730,95032,4450,F,38.3,19.6,232.0,356.0,576,0.0,0,6.0,1,1996,2
152,PAL9596,1996-02-11,TOR,23,1730,95033,5000,M,38.3,17.8,166.0,161.0,540,0.0,0,4.0,1,1996,2
153,PAL9596,1996-02-11,TOR,23,1730,95034,4300,F,36.8,17.3,154.0,140.0,190,2.0,24,10.0,3,1996,2
154,PAL9596,1996-02-11,TOR,23,1730,95035,4225,F,35.3,16.7,152.0,297.0,395,0.0,0,0.0,0,1996,2
155,PAL9596,1996-02-17,TOR,23,1900,95036,4250,F,36.8,16.9,142.0,227.0,336,0.0,0,0.0,0,1996,2
156,PAL9596,1996-02-17,TOR,23,1900,95037,3900,F,37.6,17.9,209.0,22.0,12,388.0,3860,2.0,1,1996,2
157,PAL9596,1996-02-17,TOR,23,1900,95038,3950,F,38.0,18.2,162.0,120.0,214,27.0,540,8.0,1,1996,2
158,PAL9596,1996-02-17,TOR,23,1900,95039,3800,M,39.6,19.4,287.0,427.0,411,0.0,0,10.0,1,1996,2
159,PAL9596,1996-02-17,TOR,23,1900,95040,4050,F,36.3,19.3,366.0,366.0,610,0.0,0,0.0,0,1996,2
160,PAL9697,1997-01-06,TOR,23,1900,96001,4050,F,38.1,18.0,109.0,109.0,509,0.0,0,0.0,0,1997,1
161,PAL9697,1997-01-06,TOR,23,1900,96002,4200,M,41.2,20.0,144.0,399.0,669,0.0,0,0.0,0,1997,1
162,PAL9697,1997-01-06,TOR,23,1900,96003,4600,F,34.5,17.1,193.0,193.0,660,0.0,0,0.0,0,1997,1
163,PAL9697,1997-01-06,TOR,23,1900,96004,4500,M,40.8,20.2,198.0,468.0,737,0.0,0,0.0,0,1997,1
164,PAL9697,1997-01-06,TOR,23,1900,96005,3800,F,35.9,17.3,124.0,324.0,653,0.0,0,0.0,0,1997,1
165,PAL9697,1997-01-11,TOR,23,1900,96006,3850,M,40.0,18.5,160.0,160.0,475,1.0,12,0.0,0,1997,1
166,PAL9697,1997-01-11,TOR,23,1900,96007,3800,F,37.5,19.1,145.0,205.0,495,0.0,0,0.0,0,1997,1
167,PAL9697,1997-01-11,TOR,23,1900,96008,4150,F,35.2,18.8,203.0,297.0,783,1.0,12,0.0,0,1997,1
168,PAL9697,1997-01-11,TOR,23,1900,96009,4575,M,43.2,20.3,182.0,292.0,480,0.0,0,0.0,0,1997,1
169,PAL9697,1997-01-11,TOR,23,1900,96010,3550,F,38.2,17.2,157.0,405.0,758,1.0,12,0.0,0,1997,1
170,PAL9697,1997-01-16,TOR,23,1930,96011,4150,F,36.9,18.9,265.0,380.0,966,0.0,0,0.0,0,1997,1
171,PAL9697,1997-01-16,TOR,23,1930,96012,3050,F,36.0,16.8,187.0,367.0,655,0.0,0,0.0,0,1997,1
172,PAL9697,1997-01-16,TOR,23,1930,96013,3850,F,34.3,17.6,180.0,180.0,643,0.0,0,0.0,0,1997,1
173,PAL9697,1997-01-16,TOR,23,1930,96014,4250,F,33.2,17.2,235.0,400.0,552,0.0,0,0.0,0,1997,1
174,PAL9697,1997-01-16,TOR,23,1930,96015,4300,M,42.0,20.2,307.0,562.0,876,0.0,0,0.0,0,1997,1
175,PAL9697,1997-01-21,TOR,23,1830,96016,3850,F,36.4,17.8,283.0,583.0,1184,0.0,0,0.0,0,1997,1
176,PAL9697,1997-01-21,TOR,23,1830,96017,4500,F,35.8,19.0,87.0,87.0,423,0.0,0,0.0,0,1997,1
177,PAL9697,1997-01-21,TOR,23,1830,96018,4200,F,36.7,18.6,212.0,362.0,534,0.0,0,0.0,0,1997,1
178,PAL9697,1997-01-21,TOR,23,1830,96019,4200,F,37.2,17.0,167.0,277.0,705,0.0,0,0.0,0,1997,1
179,PAL9697,1997-01-21,TOR,23,1830,96020,3750,M,40.3,17.8,321.0,411.0,988,0.0,0,0.0,0,1997,1
180,PAL9697,1997-01-26,TOR,23,1900,96021,3750,F,35.4,17.7,270.0,270.0,855,0.0,0,0.0,0,1997,1
181,PAL9697,1997-01-26,TOR,23,1900,96022,4100,F,34.4,16.2,202.0,450.0,757,0.0,0,2.0,1,1997,1
182,PAL9697,1997-01-26,TOR,23,1900,96023,5200,M,40.2,18.4,275.0,400.0,670,225.0,2700,0.0,0,1997,1
183,PAL9697,1997-01-26,TOR,23,1900,96024,4600,M,40.5,17.5,320.0,400.0,852,245.0,2940,0.0,0,1997,1
184,PAL9697,1997-01-26,TOR,23,1900,96025,4000,F,38.1,18.1,214.0,354.0,1095,0.0,0,0.0,0,1997,1
185,PAL9697,1997-01-31,TOR,23,1900,96026,3950,M,41.2,19.5,199.0,669.0,730,0.0,0,0.0,0,1997,1
186,PAL9697,1997-01-31,TOR,23,1900,96027,3950,F,34.2,19.8,235.0,695.0,847,0.0,0,0.0,0,1997,1
187,PAL9697,1997-01-31,TOR,23,1900,96028,4575,M,39.7,20.4,185.0,235.0,672,0.0,0,0.0,0,1997,1
188,PAL9697,1997-01-31,TOR,23,1900,96029,4400,F,37.4,18.0,376.0,476.0,1547,0.0,0,0.0,0,1997,1
189,PAL9697,1997-01-31,TOR,23,1900,96030,4300,F,38.7,17.8,136.0,286.0,335,0.0,0,0.0,0,1997,1
190,PAL9697,1997-02-05,TOR,23,1800,96031,4750,M,38.7,18.5,273.0,698.0,1330,0.0,0,0.0,0,1997,2
191,PAL9697,1997-02-05,TOR,23,1800,96032,4450,M,39.6,17.3,129.0,194.0,282,0.0,0,0.0,0,1997,2
192,PAL9697,1997-02-05,TOR,23,1800,96033,4700,M,41.2,18.8,249.0,457.0,863,0.0,0,2.0,1,1997,2
193,PAL9697,1997-02-05,TOR,23,1800,96034,4800,M,39.8,17.9,260.0,530.0,660,0.0,0,0.0,0,1997,2
194,PAL9697,1997-02-05,TOR,23,1800,96035,5000,M,42.5,19.4,323.0,502.0,607,0.0,0,1.0,1,1997,2
195,PAL9697,1997-02-10,TOR,23,1900,96036,4750,M,40.4,18.6,317.0,697.0,704,0.0,0,0.0,0,1997,2
196,PAL9697,1997-02-10,TOR,23,1900,96037,4050,F,35.5,18.2,202.0,462.0,808,0.0,0,0.0,0,1997,2
197,PAL9697,1997-02-10,TOR,23,1900,96038,4450,M,40.0,19.0,221.0,351.0,654,0.0,0,0.0,0,1997,2
198,PAL9697,1997-02-10,TOR,23,1900,96039,3750,F,39.4,18.5,271.0,271.0,892,0.0,0,0.0,0,1997,2
199,PAL9697,1997-02-10,TOR,23,1900,96040,5200,M,39.5,20.1,216.0,626.0,816,0.0,0,0.0,0,1997,2
200,PAL9697,1997-02-15,TOR,23,1830,96041,4700,M,41.9,19.9,320.0,420.0,1341,0.0,0,0.0,0,1997,2
201,PAL9697,1997-02-15,TOR,23,1830,96042,6000,F,34.0,16.8,246.0,346.0,666,0.0,0,0.0,0,1997,2
202,PAL9697,1997-02-15,TOR,23,1830,96043,4150,F,31.7,16.0,135.0,145.0,464,0.0,0,0.0,0,1997,2
203,PAL9697,1997-02-15,TOR,23,1830,96044,6000,M,37.6,17.2,146.0,271.0,504,0.0,0,0.0,0,1997,2
204,PAL9697,1997-02-15,TOR,23,1830,96045,4400,F,34.6,16.4,275.0,374.0,921,0.0,0,1.0,1,1997,2
205,PAL9798,1998-01-06,TOR,23,1830,97001,4300,M,42.8,21.6,142.0,177.0,525,0.0,0,0.0,0,1998,1
206,PAL9798,1998-01-06,TOR,23,1830,97002,3700,F,33.8,17.6,174.0,289.0,568,0.0,0,0.0,0,1998,1
207,PAL9798,1998-01-06,TOR,23,1830,97003,3850,F,36.4,17.7,163.0,243.0,720,0.0,0,0.0,0,1998,1
208,PAL9798,1998-01-06,TOR,23,1830,97004,4500,M,38.2,17.6,142.0,177.0,828,0.0,0,0.0,0,1998,1
209,PAL9798,1998-01-06,TOR,23,1830,97005,4700,M,36.6,17.0,187.0,232.0,1201,0.0,0,0.0,0,1998,1
210,PAL9798,1998-01-11,TOR,23,1900,97006,5100,M,39.3,18.3,439.0,434.0,1598,60.0,720,0.0,0,1998,1
211,PAL9798,1998-01-11,TOR,23,1900,97007,4200,F,38.9,17.5,192.0,422.0,658,0.0,0,0.0,0,1998,1
212,PAL9798,1998-01-11,TOR,23,1900,97008,3450,F,37.8,15.9,109.0,158.0,402,16.0,192,0.0,0,1998,1
213,PAL9798,1998-01-11,TOR,23,1900,97009,3550,F,35.9,16.6,230.0,305.0,829,0.0,0,0.0,0,1998,1
214,PAL9798,1998-01-11,TOR,23,1900,97010,4800,M,41.2,17.6,137.0,116.0,505,20.0,240,0.0,0,1998,1
215,PAL9798,1998-01-16,TOR,23,1830,97011,4300,F,38.0,17.4,103.0,103.0,511,0.0,0,0.0,0,1998,1
216,PAL9798,1998-01-16,TOR,23,1830,97012,4750,M,40.8,18.7,134.0,444.0,433,0.0,0,0.0,0,1998,1
217,PAL9798,1998-01-16,TOR,23,1830,97013,4900,M,38.9,18.8,110.0,110.0,448,0.0,0,0.0,0,1998,1
218,PAL9798,1998-01-16,TOR,23,1830,97014,4250,M,38.6,18.8,280.0,385.0,1444,0.0,0,0.0,0,1998,1
219,PAL9798,1998-01-16,TOR,23,1830,97015,3600,F,39.2,19.0,232.0,232.0,899,0.0,0,0.0,0,1998,1
220,PAL9798,1998-01-21,TOR,23,1830,97016,4200,F,36.8,16.5,240.0,420.0,707,0.0,0,0.0,0,1998,1
221,PAL9798,1998-01-21,TOR,23,1830,97017,3950,F,36.1,17.6,202.0,522.0,673,0.0,0,0.0,0,1998,1
222,PAL9798,1998-01-21,TOR,23,1830,97018,4600,M,39.8,18.8,235.0,455.0,673,0.0,0,0.0,0,1998,1
223,PAL9798,1998-01-21,TOR,23,1830,97019,4600,F,37.3,18.4,265.0,485.0,964,0.0,0,0.0,0,1998,1
224,PAL9798,1998-01-21,TOR,23,1830,97020,4100,F,37.5,17.6,200.0,550.0,722,0.0,0,0.0,0,1998,1
225,PAL9798,1998-01-26,TOR,23,1800,97021,4200,M,38.9,17.3,195.0,365.0,498,0.0,0,0.0,0,1998,1
226,PAL9798,1998-01-26,TOR,23,1800,97022,4350,F,35.0,18.4,187.0,437.0,907,0.0,0,0.0,0,1998,1
227,PAL9798,1998-01-26,TOR,23,1800,97023,4200,F,35.9,15.8,238.0,238.0,849,0.0,0,0.0,0,1998,1
228,PAL9798,1998-01-26,TOR,23,1800,97024,3950,M,39.0,17.6,142.0,342.0,455,0.0,0,0.0,0,1998,1
229,PAL9798,1998-01-26,TOR,23,1800,97025,4450,F,34.9,16.2,275.0,305.0,1372,0.0,0,0.0,0,1998,1
230,PAL9798,1998-01-31,TOR,23,1800,97026,4200,M,38.6,17.9,153.0,278.0,464,0.0,0,0.0,0,1998,1
231,PAL9798,1998-01-31,TOR,23,1800,97027,4600,M,38.9,19.9,182.0,342.0,609,0.0,0,0.0,0,1998,1
232,PAL9798,1998-01-31,TOR,23,1800,97028,4700,M,37.1,19.4,221.0,220.0,684,0.0,0,0.0,0,1998,1
233,PAL9798,1998-01-31,TOR,23,1800,97029,4200,F,35.8,17.5,164.0,289.0,481,0.0,0,0.0,0,1998,1
234,PAL9798,1998-01-31,TOR,23,1800,97030,3900,F,36.8,19.8,222.0,546.0,610,0.0,0,0.0,0,1998,1
235,PAL9798,1998-02-05,TOR,23,1830,97031,4400,M,34.9,17.3,286.0,441.0,868,0.0,0,0.0,0,1998,2
236,PAL9798,1998-02-05,TOR,23,1830,97032,4000,F,38.0,17.3,196.0,306.0,567,0.0,0,0.0,0,1998,2
237,PAL9798,1998-02-05,TOR,23,1830,97033,4150,M,39.1,18.2,249.0,503.0,686,0.0,0,0.0,0,1998,2
238,PAL9798,1998-02-05,TOR,23,1830,97034,4100,M,38.0,18.4,330.0,390.0,1143,0.0,0,0.0,0,1998,2
239,PAL9798,1998-02-05,TOR,23,1830,97035,3750,M,40.9,16.3,176.0,205.0,585,0.0,0,0.0,0,1998,2
240,PAL9798,1998-02-10,TOR,23,1800,97036,4200,M,39.8,17.8,180.0,340.0,401,0.0,0,0.0,0,1998,2
241,PAL9798,1998-02-10,TOR,23,1800,97037,4850,M,41.3,18.9,272.0,448.0,693,99.0,1188,0.0,0,1998,2
242,PAL9798,1998-02-10,TOR,23,1800,97038,4250,F,34.6,16.4,196.0,193.0,282,128.0,1536,0.0,0,1998,2
243,PAL9798,1998-02-10,TOR,23,1800,97039,4000,F,36.2,17.6,107.0,457.0,479,0.0,0,0.0,0,1998,2
244,PAL9798,1998-02-10,TOR,23,1800,97040,3900,F,37.1,17.2,175.0,500.0,462,0.0,0,0.0,0,1998,2
245,PAL9798,1998-02-15,TOR,23,1800,97041,3850,F,37.1,18.1,228.0,318.0,638,0.0,0,0.0,0,1998,2
246,PAL9798,1998-02-15,TOR,23,1800,97042,4200,M,40.0,18.2,218.0,343.0,685,0.0,0,0.0,0,1998,2
247,PAL9798,1998-02-15,TOR,23,1800,97043,3750,F,35.3,16.0,229.0,404.0,640,0.0,0,0.0,0,1998,2
248,PAL9798,1998-02-15,TOR,23,1800,97044,4050,F,37.9,17.4,239.0,364.0,718,0.0,0,0.0,0,1998,2
249,PAL9798,1998-02-15,TOR,23,1800,97045,4600,M,39.5,17.1,363.0,387.0,995,0.0,0,1.0,1,1998,2
250,PAL9798,1998-02-20,TOR,23,1700,97046,5500,M,39.5,17.8,240.0,289.0,577,0.0,0,1.0,1,1998,2
251,PAL9798,1998-02-20,TOR,23,1700,97047,5000,M,39.4,19.6,126.0,126.0,372,0.0,0,0.0,0,1998,2
252,PAL9798,1998-02-20,TOR,23,1700,97048,4450,F,38.5,19.0,253.0,368.0,659,0.0,0,10.0,1,1998,2
253,PAL9798,1998-02-20,TOR,23,1700,97049,4900,M,42.5,20.2,175.0,200.0,447,0.0,0,0.0,0,1998,2
254,PAL9798,1998-02-20,TOR,23,1700,97050,4050,F,38.0,18.1,192.0,397.0,532,0.0,0,0.0,0,1998,2
255,PAL9899,1999-01-06,TOR,23,1930,98001,4550,F,33.5,17.5,154.0,404.0,500,0.0,0,0.0,0,1999,1
256,PAL9899,1999-01-06,TOR,23,1930,98002,3850,F,37.4,17.4,148.0,413.0,436,0.0,0,0.0,0,1999,1
257,PAL9899,1999-01-06,TOR,23,1930,98003,4050,F,37.2,18.1,199.0,379.0,668,0.0,0,0.0,0,1999,1
258,PAL9899,1999-01-06,TOR,23,1930,98004,4400,F,38.0,18.1,180.0,205.0,402,0.0,0,0.0,0,1999,1
259,PAL9899,1999-01-06,TOR,23,1930,98005,4300,M,38.0,19.6,144.0,285.0,435,0.0,0,0.0,0,1999,1
260,PAL9899,1999-01-11,TOR,23,2000,98006,4300,F,36.5,17.5,208.0,398.0,627,0.0,0,0.0,0,1999,1
261,PAL9899,1999-01-11,TOR,23,2000,98007,3550,F,36.9,16.8,139.0,244.0,443,0.0,0,0.0,0,1999,1
262,PAL9899,1999-01-11,TOR,23,2000,98008,3700,F,36.9,17.3,161.0,316.0,433,0.0,0,0.0,0,1999,1
263,PAL9899,1999-01-11,TOR,23,2000,98009,3850,F,36.7,16.0,210.0,340.0,520,0.0,0,0.0,0,1999,1
264,PAL9899,1999-01-11,TOR,23,2000,98010,4150,M,37.7,18.0,139.0,279.0,325,0.0,0,0.0,0,1999,1
265,PAL9899,1999-01-16,TOR,23,2000,98011,3750,F,36.2,17.0,204.0,394.0,614,0.0,0,0.0,0,1999,1
266,PAL9899,1999-01-16,TOR,23,2000,98012,4050,F,32.7,17.7,173.0,573.0,499,0.0,0,0.0,0,1999,1
267,PAL9899,1999-01-16,TOR,23,2000,98013,4650,M,42.3,17.6,197.0,312.0,555,30.0,330,0.0,0,1999,1
268,PAL9899,1999-01-16,TOR,23,2000,98014,4200,M,40.2,16.1,276.0,401.0,618,0.0,0,0.0,0,1999,1
269,PAL9899,1999-01-16,TOR,23,2000,98015,4050,F,34.5,17.3,166.0,336.0,473,0.0,0,0.0,0,1999,1
270,PAL9899,1999-01-21,TOR,23,1730,98016,4000,F,35.2,16.7,206.0,185.0,499,70.0,770,1.0,1,1999,1
271,PAL9899,1999-01-21,TOR,23,1730,98017,5500,M,37.7,17.4,257.0,357.0,731,0.0,0,0.0,0,1999,1
272,PAL9899,1999-01-21,TOR,23,1730,98018,3800,F,35.0,17.5,153.0,343.0,485,0.0,0,0.0,0,1999,1
273,PAL9899,1999-01-21,TOR,23,1730,98019,4900,M,40.5,18.9,159.0,259.0,371,0.0,0,0.0,0,1999,1
274,PAL9899,1999-01-21,TOR,23,1730,98020,5500,M,38.3,18.0,240.0,640.0,447,0.0,0,0.0,0,1999,1
275,PAL9899,1999-01-26,TOR,23,1730,98021,4000,F,36.5,18.7,160.0,310.0,387,0.0,0,0.0,0,1999,1
276,PAL9899,1999-01-26,TOR,23,1730,98022,3950,F,38.5,16.5,249.0,364.0,629,0.0,0,0.0,0,1999,1
277,PAL9899,1999-01-26,TOR,23,1730,98023,3850,F,34.9,16.7,146.0,321.0,355,0.0,0,0.0,0,1999,1
278,PAL9899,1999-01-26,TOR,23,1730,98024,3750,F,34.6,16.4,208.0,358.0,695,0.0,0,0.0,0,1999,1
279,PAL9899,1999-01-26,TOR,23,1730,98025,4100,M,39.8,17.7,225.0,450.0,603,0.0,0,0.0,0,1999,1
280,PAL9899,1999-02-01,TOR,23,1800,98026,4800,M,40.7,19.0,263.0,368.0,510,0.0,0,0.0,0,1999,2
281,PAL9899,1999-02-01,TOR,23,1800,98027,4500,M,40.8,16.9,183.0,393.0,434,0.0,0,0.0,0,1999,2
282,PAL9899,1999-02-01,TOR,23,1800,98028,3550,F,35.3,17.0,318.0,452.0,938,0.0,0,0.0,0,1999,2
283,PAL9899,1999-02-01,TOR,23,1800,98029,4400,M,41.5,19.6,207.0,357.0,553,0.0,0,0.0,0,1999,2
284,PAL9899,1999-02-01,TOR,23,1800,98030,3850,F,36.3,15.5,272.0,442.0,640,0.0,0,0.0,0,1999,2
285,PAL9899,1999-02-05,TOR,23,1715,98031,5250,M,41.5,19.8,204.0,204.0,476,0.0,0,0.0,0,1999,2
286,PAL9899,1999-02-05,TOR,23,1715,98032,4000,F,37.5,18.3,218.0,388.0,544,0.0,0,0.0,0,1999,2
287,PAL9899,1999-02-05,TOR,23,1715,98033,4300,M,39.1,18.4,136.0,241.0,344,0.0,0,0.0,0,1999,2
288,PAL9899,1999-02-05,TOR,23,1715,98034,3850,F,33.4,15.7,138.0,263.0,305,0.0,0,0.0,0,1999,2
289,PAL9899,1999-02-05,TOR,23,1715,98035,4350,F,33.7,16.1,152.0,297.0,335,0.0,0,0.0,0,1999,2
290,PAL9899,1999-02-11,TOR,23,1730,98036,4250,F,35.0,18.5,451.0,501.0,928,0.0,0,0.0,0,1999,2
291,PAL9899,1999-02-11,TOR,23,1730,98037,4450,M,38.0,18.5,258.0,393.0,544,0.0,0,0.0,0,1999,2
292,PAL9899,1999-02-11,TOR,23,1730,98038,4750,M,38.3,18.0,245.0,320.0,481,0.0,0,0.0,0,1999,2
293,PAL9899,1999-02-11,TOR,23,1730,98039,4800,M,40.3,19.0,279.0,469.0,507,0.0,0,0.0,0,1999,2
294,PAL9899,1999-02-11,TOR,23,1730,98040,4550,M,39.4,18.0,181.0,296.0,411,0.0,0,0.0,0,1999,2
295,PAL9899,1999-02-16,TOR,23,1700,98041,4050,F,37.3,16.3,268.0,528.0,536,0.0,0,0.0,0,1999,2
296,PAL9899,1999-02-16,TOR,23,1700,98042,6000,M,41.8,17.5,116.0,116.0,243,0.0,0,0.0,0,1999,2
297,PAL9899,1999-02-16,TOR,23,1700,98043,5200,M,39.8,18.1,149.0,249.0,282,0.0,0,0.0,0,1999,2
298,PAL9899,1999-02-16,TOR,23,1700,98044,5500,M,40.2,18.7,230.0,230.0,512,0.0,0,0.0,0,1999,2
299,PAL9899,1999-02-16,TOR,23,1700,98045,5500,F,37.7,17.5,211.0,261.0,445,0.0,0,0.0,0,1999,2
300,PAL9900,2000-01-09,TOR,23,1900,99001,4200,M,39.1,18.9,189.0,419.0,335,0.0,0,0.0,0,2000,1
301,PAL9900,2000-01-09,TOR,23,1900,99002,4600,F,34.7,18.5,120.0,120.0,208,0.0,0,0.0,0,2000,1
302,PAL9900,2000-01-09,TOR,23,1900,99003,4950,M,39.0,20.0,224.0,274.0,432,0.0,0,0.0,0,2000,1
303,PAL9900,2000-01-09,TOR,23,1900,99004,4250,F,37.3,18.2,199.0,284.0,391,0.0,0,0.0,0,2000,1
304,PAL9900,2000-01-09,TOR,23,1900,99005,4100,F,37.1,20.1,211.0,211.0,420,0.0,0,0.0,0,2000,1
305,PAL9900,2000-01-13,TOR,23,1800,99006,3950,F,38.0,17.3,294.0,294.0,428,0.0,0,0.0,0,2000,1
306,PAL9900,2000-01-13,TOR,23,1800,99007,3750,F,36.9,17.0,129.0,129.0,189,0.0,0,0.0,0,2000,1
307,PAL9900,2000-01-13,TOR,23,1800,99008,4150,F,34.4,17.2,285.0,577.0,549,0.0,0,0.0,0,2000,1
308,PAL9900,2000-01-13,TOR,23,1800,99009,4000,F,36.3,15.9,142.0,245.0,282,0.0,0,0.0,0,2000,1
309,PAL9900,2000-01-13,TOR,23,1800,99010,4950,M,39.5,19.7,245.0,585.0,331,0.0,0,0.0,0,2000,1
310,PAL9900,2000-01-18,TOR,23,1830,99011,3850,F,34.0,18.8,206.0,286.0,287,0.0,0,0.0,0,2000,1
311,PAL9900,2000-01-18,TOR,23,1830,99012,4250,M,37.2,18.2,254.0,454.0,395,0.0,0,0.0,0,2000,1
312,PAL9900,2000-01-18,TOR,23,1830,99013,4050,F,35.7,17.8,153.0,333.0,219,0.0,0,0.0,0,2000,1
313,PAL9900,2000-01-18,TOR,23,1830,99014,4350,M,40.2,19.5,157.0,312.0,348,0.0,0,0.0,0,2000,1
314,PAL9900,2000-01-18,TOR,23,1830,99015,4750,F,31.6,16.0,195.0,315.0,239,0.0,0,0.0,0,2000,1
315,PAL9900,2000-01-25,TOR,23,1800,99016,4050,M,39.7,16.6,208.0,208.0,356,0.0,0,0.0,0,2000,1
316,PAL9900,2000-01-25,TOR,23,1800,99017,3750,F,38.3,15.8,221.0,221.0,418,0.0,0,0.0,0,2000,1
317,PAL9900,2000-01-25,TOR,23,1800,99018,4400,F,34.4,16.4,151.0,231.0,237,0.0,0,0.0,0,2000,1
318,PAL9900,2000-01-25,TOR,23,1800,99019,4100,F,36.6,17.3,114.0,174.0,196,0.0,0,0.0,0,2000,1
319,PAL9900,2000-01-25,TOR,23,1800,99020,4450,M,38.5,17.9,160.0,305.0,297,0.0,0,0.0,0,2000,1
320,PAL9900,2000-01-29,TOR,23,1800,99021,3850,F,36.0,16.7,133.0,218.0,275,0.0,0,0.0,0,2000,1
321,PAL9900,2000-01-29,TOR,23,1800,99022,4850,M,36.1,18.9,161.0,161.0,308,0.0,0,0.0,0,2000,1
322,PAL9900,2000-01-29,TOR,23,1800,99023,4600,M,38.8,18.2,261.0,381.0,447,0.0,0,0.0,0,2000,1
323,PAL9900,2000-01-29,TOR,23,1800,99024,3850,F,36.6,19.5,180.0,229.0,286,0.0,0,1.0,1,2000,1
324,PAL9900,2000-01-29,TOR,23,1800,99025,4700,M,43.5,19.5,349.0,349.0,578,0.0,0,0.0,0,2000,1
325,PAL9900,2000-02-04,TOR,23,1800,99026,4250,M,38.9,19.8,90.0,89.0,116,0.0,0,1.0,1,2000,2
326,PAL9900,2000-02-04,TOR,23,1800,99027,4400,F,35.1,17.6,168.0,503.0,337,0.0,0,0.0,0,2000,2
327,PAL9900,2000-02-04,TOR,23,1800,99028,3950,F,34.1,20.0,214.0,213.0,281,0.0,0,1.0,1,2000,2
328,PAL9900,2000-02-04,TOR,23,1800,99029,4600,M,39.8,18.6,235.0,235.0,504,0.0,0,0.0,0,2000,2
329,PAL9900,2000-02-04,TOR,23,1800,99030,4550,F,38.0,19.4,195.0,193.0,265,0.0,0,2.0,1,2000,2
330,PAL9900,2000-02-07,TOR,23,1830,99031,4500,M,38.7,19.0,175.0,265.0,298,1.0,8,4.0,1,2000,2
331,PAL9900,2000-02-07,TOR,23,1830,99032,4200,F,34.5,16.1,198.0,198.0,351,0.0,0,0.0,0,2000,2
332,PAL9900,2000-02-07,TOR,23,1830,99033,3950,M,40.3,18.6,272.0,449.0,459,0.0,0,3.0,1,2000,2
333,PAL9900,2000-02-07,TOR,23,1830,99034,4500,M,41.2,20.7,273.0,438.0,471,0.0,0,0.0,0,2000,2
334,PAL9900,2000-02-07,TOR,23,1830,99035,5400,M,37.6,19.6,206.0,231.0,385,0.0,0,0.0,0,2000,2
335,PAL9900,2000-02-11,TOR,23,1800,99036,4700,M,44.5,20.3,248.0,448.0,423,0.0,0,0.0,0,2000,2
336,PAL9900,2000-02-11,TOR,23,1800,99037,4450,M,42.0,19.5,230.0,395.0,433,0.0,0,0.0,0,2000,2
337,PAL9900,2000-02-11,TOR,23,1800,99038,4550,M,42.7,18.9,243.0,323.0,432,0.0,0,0.0,0,2000,2
338,PAL9900,2000-02-11,TOR,23,1800,99039,4400,F,39.1,18.3,280.0,455.0,437,0.0,0,0.0,0,2000,2
339,PAL9900,2000-02-11,TOR,23,1800,99040,3900,F,36.3,16.7,257.0,417.0,449,0.0,0,0.0,0,2000,2
340,PAL0001,2000-12-27,TOR,23,1900,1,4000,F,37.9,20.5,134.0,329.0,380,0.0,0,0.0,0,2000,12
341,PAL0001,2000-12-27,TOR,23,1900,2,4200,F,36.1,17.6,92.0,112.0,143,0.0,0,0.0,0,2000,12
342,PAL0001,2000-12-27,TOR,23,1900,3,5200,M,36.1,18.3,246.0,326.0,451,0.0,0,0.0,0,2000,12
343,PAL0001,2000-12-27,TOR,23,1900,4,3500,F,37.4,18.1,77.0,76.0,96,0.0,0,0.0,0,2000,12
344,PAL0001,2000-12-27,TOR,23,1900,5,4100,F,36.8,18.5,256.0,361.0,617,0.0,0,0.0,0,2000,12
345,PAL0001,2001-01-09,TOR,23,1030,6,4700,M,40.2,21.3,261.0,446.0,603,0.0,0,0.0,0,2001,1
346,PAL0001,2001-01-09,TOR,23,1030,7,4300,F,35.2,18.4,198.0,346.0,367,0.0,0,2.0,1,2001,1
347,PAL0001,2001-01-09,TOR,23,1030,8,3750,F,33.6,16.2,186.0,411.0,408,0.0,0,0.0,0,2001,1
348,PAL0001,2001-01-09,TOR,23,1030,9,4300,M,38.9,17.8,283.0,473.0,509,0.0,0,0.0,0,2001,1
349,PAL0001,2001-01-09,TOR,23,1030,10,4800,M,38.4,18.7,280.0,530.0,516,0.0,0,5.0,1,2001,1
350,PAL0001,2001-01-12,TOR,23,1830,11,4350,F,36.3,17.1,258.0,120.0,112,138.0,3820,0.0,0,2001,1
351,PAL0001,2001-01-12,TOR,23,1830,12,4700,F,36.8,18.5,48.0,48.0,48,0.0,0,0.0,0,2001,1
352,PAL0001,2001-01-12,TOR,23,1830,13,4000,F,37.2,18.4,263.0,254.0,309,0.0,0,9.0,1,2001,1
353,PAL0001,2001-01-12,TOR,23,1830,14,3750,F,36.6,16.4,179.0,229.0,439,0.0,0,0.0,0,2001,1
354,PAL0001,2001-01-12,TOR,23,1830,15,3400,F,35.8,18.4,239.0,236.0,236,0.0,0,1.0,1,2001,1
355,PAL0001,2001-01-18,TOR,23,1900,16,4700,M,41.1,18.4,302.0,517.0,275,0.0,0,0.0,0,2001,1
356,PAL0001,2001-01-18,TOR,23,1900,17,4200,M,42.0,18.3,170.0,345.0,114,0.0,0,0.0,0,2001,1
357,PAL0001,2001-01-18,TOR,23,1900,18,3500,F,35.6,19.4,166.0,425.0,211,0.0,0,1.0,1,2001,1
358,PAL0001,2001-01-18,TOR,23,1900,19,4100,M,41.2,20.9,148.0,148.0,214,0.0,0,0.0,0,2001,1
359,PAL0001,2001-01-18,TOR,23,1900,20,4200,F,39.0,18.3,256.0,256.0,409,0.0,0,0.0,0,2001,1
360,PAL0001,2001-01-24,TOR,23,1730,21,4700,M,41.1,18.4,180.0,205.0,381,0.0,0,0.0,0,2001,1
361,PAL0001,2001-01-24,TOR,23,1730,22,4200,M,42.0,18.3,216.0,275.0,251,0.0,0,1.0,1,2001,1
362,PAL0001,2001-01-24,TOR,23,1730,23,3500,F,35.6,19.4,204.0,176.0,219,88.0,1232,3.0,1,2001,1
363,PAL0001,2001-01-24,TOR,23,1730,24,4100,M,41.2,20.9,188.0,283.0,214,0.0,0,0.0,0,2001,1
364,PAL0001,2001-01-24,TOR,23,1730,25,4200,F,39.0,18.3,141.0,140.0,167,0.0,0,1.0,1,2001,1
365,PAL0001,2001-01-30,TOR,23,1930,26,4250,F,35.8,18.7,316.0,621.0,781,0.0,0,0.0,0,2001,1
366,PAL0001,2001-01-30,TOR,23,1930,27,4600,M,41.3,18.0,267.0,104.0,101,313.0,2504,5.0,1,2001,1
367,PAL0001,2001-01-30,TOR,23,1930,28,4000,F,35.9,18.5,516.0,706.0,548,0.0,0,0.0,0,2001,1
368,PAL0001,2001-01-30,TOR,23,1930,29,4100,F,35.0,17.8,193.0,8.0,11,348.0,2784,1.0,1,2001,1
369,PAL0001,2001-01-30,TOR,23,1930,30,3250,F,35.0,16.9,298.0,508.0,334,0.0,0,0.0,0,2001,1
370,PAL0001,2001-02-03,TOR,23,1800,31,4550,M,40.3,17.3,100.0,94.0,98,1.0,6,3.0,1,2001,2
371,PAL0001,2001-02-03,TOR,23,1800,32,4100,F,34.7,18.5,226.0,200.0,417,24.0,208,1.0,1,2001,2
372,PAL0001,2001-02-03,TOR,23,1800,33,3950,M,38.4,19.3,154.0,146.0,140,120.0,790,4.0,1,2001,2
373,PAL0001,2001-02-03,TOR,23,1800,34,3900,F,36.8,16.0,75.0,380.0,94,1.0,8,3.0,1,2001,2
374,PAL0001,2001-02-03,TOR,23,1800,35,4250,M,39.0,18.4,198.0,392.0,892,0.0,0,1.0,1,2001,2
375,PAL0001,2001-02-10,TOR,23,1800,36,3800,F,38.8,18.0,326.0,636.0,926,0.0,0,5.0,1,2001,2
376,PAL0001,2001-02-10,TOR,23,1800,37,3800,F,35.0,19.5,223.0,542.0,326,0.0,0,1.0,1,2001,2
377,PAL0001,2001-02-10,TOR,23,1800,38,4900,M,39.2,19.0,176.0,315.0,223,0.0,0,0.0,0,2001,2
378,PAL0001,2001-02-10,TOR,23,1800,39,3650,F,34.9,20.2,241.0,238.0,740,0.0,0,3.0,1,2001,2
379,PAL0001,2001-02-10,TOR,23,1800,40,3750,F,38.8,16.9,146.0,846.0,135,0.0,0,0.0,0,2001,2
380,PAL0001,2001-02-15,TOR,23,1800,41,4000,M,41.7,17.3,275.0,425.0,403,0.0,0,0.0,0,2001,2
381,PAL0001,2001-02-15,TOR,23,1800,42,4650,M,40.9,18.3,314.0,618.0,356,0.0,0,1.0,1,2001,2
382,PAL0001,2001-02-15,TOR,23,1800,43,3900,F,38.2,17.3,173.0,334.0,194,0.0,0,4.0,1,2001,2
383,PAL0001,2001-02-15,TOR,23,1800,44,4250,F,38.5,17.1,240.0,288.0,351,0.0,0,1.0,1,2001,2
384,PAL0001,2001-02-15,TOR,23,1800,45,4300,F,38.0,16.7,302.0,352.0,384,0.0,0,0.0,0,2001,2
385,PAL0102,2001-12-05,TOR,23,1825,1001,4000,F,37.8,17.8,37.0,47.0,112,0.0,0,0.0,0,2001,12
386,PAL0102,2001-12-05,TOR,23,1825,1002,3600,F,36.2,19.3,74.0,85.0,288,0.0,0,0.0,0,2001,12
387,PAL0102,2001-12-05,TOR,23,1825,1003,3900,F,37.6,18.4,0.0,0.0,0,0.0,0,0.0,0,2001,12
388,PAL0102,2001-12-05,TOR,23,1825,1004,4900,M,38.0,20.6,33.0,33.0,64,0.0,0,0.0,0,2001,12
389,PAL0102,2001-12-28,TOR,23,1800,1005,4300,M,41.0,19.8,262.0,296.0,636,0.0,0,6.0,0,2001,12
390,PAL0102,2001-12-28,TOR,23,1800,1006,4100,F,35.7,20.1,151.0,146.0,211,0.0,0,5.0,0,2001,12
391,PAL0102,2001-12-28,TOR,23,1800,1007,5000,M,37.7,20.8,115.0,185.0,228,0.0,0,10.0,0,2001,12
392,PAL0102,2001-12-28,TOR,23,1800,1008,4650,M,40.4,20.2,30.0,17.0,34,0.0,0,5.0,0,2001,12
393,PAL0102,2001-12-28,TOR,23,1800,1009,4200,M,39.5,19.5,126.0,137.0,216,0.0,0,1.0,0,2001,12
394,PAL0102,2002-01-07,TOR,23,1100,1010,4300,F,36.8,19.9,0.0,0.0,0,0.0,0,0.0,0,2002,1
395,PAL0102,2002-01-07,TOR,23,1100,1011,4700,M,40.1,20.0,368.0,368.0,1147,0.0,0,0.0,0,2002,1
396,PAL0102,2002-01-07,TOR,23,1100,1012,4300,M,38.1,18.1,241.0,295.0,874,0.0,0,0.0,0,2002,1
397,PAL0102,2002-01-07,TOR,23,1100,1013,4250,M,40.7,20.1,167.0,223.0,485,0.0,0,12.0,0,2002,1
398,PAL0102,2002-01-07,TOR,23,1100,1014,4700,M,37.5,19.2,170.0,330.0,680,0.0,0,0.0,0,2002,1
399,PAL0102,2002-01-15,TOR,23,2100,1015,4350,M,40.9,20.0,226.0,225.0,1374,0.0,0,1.0,0,2002,1
400,PAL0102,2002-01-15,TOR,23,2100,1016,4650,M,42.3,19.6,197.0,442.0,847,0.0,0,0.0,0,2002,1
401,PAL0102,2002-01-15,TOR,23,2100,1017,3850,M,40.9,18.6,115.0,225.0,164,0.0,0,0.0,0,2002,1
402,PAL0102,2002-01-15,TOR,23,2100,1018,4600,F,35.9,19.2,365.0,363.0,747,0.0,0,2.0,0,2002,1
403,PAL0102,2002-01-15,TOR,23,2100,1019,3950,M,40.6,17.9,323.0,372.0,1002,0.0,0,1.0,0,2002,1
404,PAL0102,2002-01-21,TOR,23,1830,1020,4050,F,36.8,17.5,85.0,356.0,117,0.0,0,4.0,0,2002,1
405,PAL0102,2002-01-21,TOR,23,1830,1021,4250,F,36.1,20.1,84.0,71.0,101,3.0,18,10.0,0,2002,1
406,PAL0102,2002-01-21,TOR,23,1830,1022,3550,F,34.3,17.0,156.0,471.0,187,0.0,0,25.0,0,2002,1
407,PAL0102,2002-01-21,TOR,23,1830,1023,4000,M,40.4,20.0,237.0,807.0,487,0.0,0,50.0,0,2002,1
408,PAL0102,2002-01-21,TOR,23,1830,1024,4000,F,37.9,19.9,116.0,191.0,253,0.0,0,0.0,0,2002,1
409,PAL0102,2002-01-31,TOR,23,1930,1025,4650,M,42.3,18.0,173.0,320.0,435,0.0,0,23.0,0,2002,1
410,PAL0102,2002-01-31,TOR,23,1930,1026,4450,M,39.7,18.7,213.0,102.0,150,0.0,0,110.0,0,2002,1
411,PAL0102,2002-01-31,TOR,23,1930,1027,4450,M,38.0,22.0,256.0,383.0,434,0.0,0,108.0,0,2002,1
412,PAL0102,2002-01-31,TOR,23,1930,1028,3400,F,35.3,17.9,112.0,45.0,45,2.0,12,65.0,0,2002,1
413,PAL0102,2002-01-31,TOR,23,1930,1029,4250,F,36.0,16.5,265.0,248.0,260,8.0,48,125.0,0,2002,1
414,PAL0102,2002-02-09,HUM,BCH,1900,1030,4150,M,41.4,18.0,153.0,17.0,7,0.0,0,136.0,0,2002,2
415,PAL0102,2002-02-09,HUM,BCH,1900,1031,4050,F,36.2,18.7,495.0,325.0,438,0.0,0,158.0,0,2002,2
416,PAL0102,2002-02-09,HUM,BCH,1900,1032,4450,M,38.6,19.5,216.0,293.0,126,0.0,0,59.0,0,2002,2
417,PAL0102,2002-02-09,HUM,BCH,1900,1033,4400,M,37.5,18.6,261.0,526.0,891,0.0,0,5.0,0,2002,2
418,PAL0102,2002-02-09,HUM,BCH,1900,1034,4350,M,41.4,20.4,485.0,357.0,1014,0.0,0,238.0,0,2002,2
419,PAL0102,2002-02-22,HUM,BCH,1900,1035,5000,F,36.1,17.7,120.0,96.0,309,3.0,18,20.0,0,2002,2
420,PAL0102,2002-02-22,HUM,BCH,1900,1036,4300,M,37.2,17.7,0.0,40.0,0,0.0,0,10.0,0,2002,2
421,PAL0102,2002-02-22,HUM,BCH,1900,1037,4750,M,38.8,18.7,245.0,240.0,620,0.0,0,5.0,0,2002,2
422,PAL0203,2002-12-10,TOR,BCH,1800,2001,4500,M,39.8,19.7,105.0,190.0,427,0.0,0,0.0,0,2002,12
423,PAL0203,2002-12-10,TOR,BCH,1800,2002,4700,M,40.2,19.4,194.0,303.0,679,0.0,0,1.0,1,2002,12
424,PAL0203,2002-12-10,TOR,BCH,1800,2003,5000,M,40.6,19.5,58.0,128.0,286,0.0,0,0.0,0,2002,12
425,PAL0203,2002-12-10,TOR,BCH,1800,2004,3650,M,37.2,18.7,146.0,220.0,646,0.0,0,0.0,0,2002,12
426,PAL0203,2002-12-10,TOR,BCH,1800,2005,4250,F,36.5,16.2,72.0,99.0,293,0.0,0,0.0,0,2002,12
427,PAL0203,2002-12-22,TOR,BCH,1900,2006,4200,M,36.4,17.4,74.0,73.0,236,0.0,0,0.0,0,2002,12
428,PAL0203,2002-12-22,TOR,BCH,1900,2007,4100,F,34.9,17.7,0.0,0.0,0,0.0,0,0.0,0,2002,12
429,PAL0203,2002-12-22,TOR,BCH,1900,2008,4350,M,39.4,17.8,34.0,34.0,151,0.0,0,0.0,0,2002,12
430,PAL0203,2002-12-22,TOR,BCH,1900,2009,4550,F,35.9,17.6,53.0,63.0,166,0.0,0,0.0,0,2002,12
431,PAL0203,2002-12-22,TOR,BCH,1900,2010,4550,F,32.4,18.4,195.0,275.0,912,0.0,0,0.0,0,2002,12
432,PAL0203,2002-12-29,TOR,BCH,1630,2011,4700,M,38.9,19.2,159.0,249.0,512,0.0,0,0.0,0,2002,12
433,PAL0203,2002-12-29,TOR,BCH,1630,2012,4400,M,35.4,16.7,154.0,154.0,698,0.0,0,0.0,0,2002,12
434,PAL0203,2002-12-29,TOR,BCH,1630,2013,4550,M,36.2,18.2,22.0,147.0,130,0.0,0,0.0,0,2002,12
435,PAL0203,2002-12-29,TOR,BCH,1630,2014,4300,M,36.4,18.9,140.0,155.0,675,0.0,0,0.0,0,2002,12
436,PAL0203,2002-12-29,TOR,BCH,1630,2015,3800,F,34.0,16.4,151.0,216.0,628,0.0,0,0.0,0,2002,12
437,PAL0203,2003-01-05,TOR,BCH,1800,2016,3950,F,36.2,20.1,149.0,174.0,496,0.0,0,0.0,0,2003,1
438,PAL0203,2003-01-05,TOR,BCH,1800,2017,4450,M,37.4,20.3,337.0,542.0,1380,0.0,0,0.0,0,2003,1
439,PAL0203,2003-01-05,TOR,BCH,1800,2018,4100,M,38.5,19.5,165.0,273.0,375,1.0,1,0.0,0,2003,1
440,PAL0203,2003-01-05,TOR,BCH,1800,2019,4060,M,38.0,18.4,236.0,236.0,1390,0.0,0,0.0,0,2003,1
441,PAL0203,2003-01-05,TOR,BCH,1800,2020,4350,F,34.7,17.8,182.0,292.0,987,0.0,0,0.0,0,2003,1
442,PAL0203,2003-01-15,TOR,BCH,1745,2021,3800,F,33.8,16.9,191.0,306.0,947,0.0,0,0.0,0,2003,1
443,PAL0203,2003-01-15,TOR,BCH,1745,2022,4450,M,39.6,19.1,177.0,176.0,551,0.0,0,0.0,0,2003,1
444,PAL0203,2003-01-15,TOR,BCH,1745,2023,4050,F,35.5,18.4,195.0,320.0,827,0.0,0,0.0,0,2003,1
445,PAL0203,2003-01-15,TOR,BCH,1745,2024,4250,M,38.6,17.8,368.0,548.0,910,0.0,0,0.0,0,2003,1
446,PAL0203,2003-01-27,TOR,BCH,1930,2025,4550,F,38.7,18.4,104.0,103.0,385,0.0,0,0.0,0,2003,1
447,PAL0203,2003-01-27,TOR,BCH,1935,2026,4150,F,34.8,16.6,215.0,300.0,820,0.0,0,0.0,0,2003,1
448,PAL0203,2003-01-27,TOR,BCH,1858,2027,4300,M,39.1,17.3,83.0,173.0,367,0.0,0,0.0,0,2003,1
449,PAL0203,2003-01-27,TOR,BCH,1910,2028,4400,M,42.2,18.2,214.0,522.0,890,0.0,0,2.0,1,2003,1
450,PAL0203,2003-01-27,TOR,BCH,1916,2029,4650,M,42.6,17.6,80.0,186.0,319,0.0,0,0.0,0,2003,1
451,PAL0203,2003-02-10,HUM,BCH,1605,2030,4300,F,36.8,19.0,352.0,352.0,1108,0.0,0,0.0,0,2003,2
452,PAL0203,2003-02-10,HUM,BCH,1613,2031,4650,M,38.8,18.4,179.0,264.0,506,0.0,0,0.0,0,2003,2
453,PAL0203,2003-02-10,HUM,BCH,1625,2032,5050,M,44.7,20.4,202.0,302.0,502,0.0,0,0.0,0,2003,2
454,PAL0203,2003-02-10,HUM,BCH,1635,2033,4700,F,36.5,16.4,60.0,60.0,124,0.0,0,0.0,0,2003,2
455,PAL0304,2004-01-15,TOR,23,1600,3001,3950,F,37.8,17.5,248.0,458.0,826,0.0,0,0.0,0,2004,1
456,PAL0304,2004-01-15,TOR,23,1600,3002,4050,M,40.4,18.7,147.0,242.0,462,0.0,0,0.0,0,2004,1
457,PAL0304,2004-01-15,TOR,23,1600,3003,4900,M,36.8,18.0,180.0,180.0,530,0.0,0,0.0,0,2004,1
458,PAL0304,2004-01-15,TOR,23,1600,3004,4000,F,35.6,17.9,82.0,252.0,272,0.0,0,0.0,0,2004,1
459,PAL0304,2004-01-15,TOR,23,1600,3005,3850,F,35.6,16.2,219.0,354.0,1186,0.0,0,0.0,0,2004,1
460,PAL0304,2004-01-25,TOR,23,1852,3006,4100,M,39.5,18.1,312.0,342.0,1005,0.0,0,0.0,0,2004,1
461,PAL0304,2004-01-25,TOR,23,1852,3007,4300,M,40.3,18.0,89.0,89.0,247,0.0,0,0.0,0,2004,1
462,PAL0304,2004-01-25,TOR,23,1852,3008,4700,M,38.8,19.2,78.0,78.0,275,0.0,0,0.0,0,2004,1
463,PAL0304,2004-01-25,TOR,23,1852,3009,3750,F,36.4,16.7,153.0,298.0,430,0.0,0,0.0,0,2004,1
464,PAL0304,2004-01-25,TOR,23,1852,3010,4300,M,40.1,18.9,138.0,198.0,762,0.0,0,0.0,0,2004,1
465,PAL0304,2004-02-05,TOR,23,1730,3011,4300,F,37.0,17.8,221.0,311.0,593,0.0,0,0.0,0,2004,2
466,PAL0304,2004-02-05,TOR,23,1730,3012,4150,M,39.6,18.4,101.0,247.0,273,2.0,0,2.0,5,2004,2
467,PAL0304,2004-02-05,TOR,23,1730,3013,4550,F,35.6,17.4,160.0,441.0,275,0.0,0,0.0,0,2004,2
468,PAL0304,2004-02-05,TOR,23,1730,3014,4250,M,39.8,18.0,262.0,337.0,661,0.0,0,0.0,0,2004,2
469,PAL0304,2004-02-05,TOR,23,1730,3015,4650,M,40.7,18.0,79.0,149.0,159,10.0,0,20.0,1,2004,2
470,PAL0405,2005-01-12,TOR,23,1705,4001,3850,F,32.2,17.8,299.0,299.0,526,0.0,0,0.0,0,2005,1
471,PAL0405,2005-01-12,TOR,23,1705,4002,3950,M,36.6,19.3,217.0,426.0,484,0.0,0,0.0,0,2005,1
472,PAL0405,2005-01-12,TOR,23,1705,4003,4250,M,39.8,18.7,205.0,445.0,459,0.0,0,0.0,0,2005,1
473,PAL0405,2005-01-12,TOR,23,1705,4004,4500,M,38.8,18.7,179.0,274.0,381,0.0,0,0.0,0,2005,1
474,PAL0405,2005-01-12,TOR,23,1705,4005,3450,F,31.7,15.7,249.0,354.0,488,0.0,0,0.0,0,2005,1
475,PAL0405,2005-01-21,TOR,23,1850,4006,4900,M,41.4,18.1,193.0,421.0,404,0.0,0,0.0,0,2005,1
476,PAL0405,2005-01-21,TOR,23,1850,4007,4550,F,36.8,16.3,231.0,392.0,441,0.0,0,25.0,4,2005,1
477,PAL0405,2005-01-21,TOR,23,1850,4008,3800,M,39.1,18.6,198.0,198.0,381,0.0,0,0.0,0,2005,1
478,PAL0405,2005-01-21,TOR,23,1850,4009,4625,M,40.6,20.0,148.0,378.0,317,0.0,0,0.0,0,2005,1
479,PAL0405,2005-01-21,TOR,23,1850,4010,4450,F,36.5,18.1,161.0,161.0,316,0.0,0,1.0,0,2005,1
480,PAL0405,2005-02-01,TOR,23,1630,4011,5200,M,41.5,19.5,255.0,252.0,564,0.0,0,3.0,0,2005,2
481,PAL0405,2005-02-01,TOR,23,1630,4012,4300,F,36.0,17.4,157.0,222.0,353,0.0,0,0.0,0,2005,2
482,PAL0405,2005-02-01,TOR,23,1630,4013,4500,M,39.6,19.1,268.0,663.0,549,0.0,0,0.0,0,2005,2
483,PAL0405,2005-02-01,TOR,23,1630,4014,4050,M,39.1,17.0,163.0,53.0,106,107.0,0,0.0,0,2005,2
484,PAL0405,2005-02-01,TOR,23,1630,4015,4550,F,37.3,18.1,146.0,315.0,219,0.0,0,0.0,0,2005,2
485,PAL0506,2005-12-27,TOR,BCH,1920,5001,3650,F,35.4,18.4,0.0,0.0,0,0.0,0,0.0,0,2005,12
486,PAL0506,2005-12-27,TOR,BCH,1935,5002,3650,F,35.9,17.2,143.0,20.0,25,123.0,0,0.0,0,2005,12
487,PAL0506,2005-12-27,TOR,BCH,1950,5003,4350,M,39.3,19.2,291.0,148.0,228,143.0,0,0.0,0,2005,12
488,PAL0506,2005-12-27,TOR,BCH,2005,5004,4450,F,33.7,16.7,249.0,171.0,264,74.0,0,0.0,0,2005,12
489,PAL0506,2005-12-27,TOR,BCH,2020,5005,4400,M,38.2,17.3,150.0,149.0,234,0.0,0,0.0,0,2005,12
490,PAL0506,2005-12-27,TOR,BCH,2035,5006,3900,F,33.5,17.2,177.0,172.0,247,0.0,0,3.0,0,2005,12
491,PAL0506,2006-01-11,TOR,BCH,1830,5007,4150,M,39.4,16.2,228.0,228.0,341,0.0,0,0.0,0,2006,1
492,PAL0506,2006-01-11,TOR,BCH,1845,5008,4750,M,42.0,19.2,196.0,196.0,247,0.0,0,0.0,0,2006,1
493,PAL0506,2006-01-11,TOR,BCH,1900,5009,4200,F,35.7,15.8,216.0,7.0,6,208.0,0,0.0,0,2006,1
494,PAL0506,2006-01-11,TOR,BCH,1915,5010,4100,F,36.1,16.8,129.0,129.0,195,0.0,0,0.0,0,2006,1
495,PAL0506,2006-01-11,TOR,BCH,1930,5011,3700,F,34.6,14.4,172.0,170.0,328,0.0,0,2.0,0,2006,1
496,PAL0506,2006-01-25,TOR,BCH,1830,5012,3950,M,39.2,18.7,160.0,0.0,0,160.0,0,0.0,0,2006,1
497,PAL0506,2006-01-25,TOR,BCH,1830,5013,0,M,38.9,17.4,300.0,0.0,0,300.0,0,1.0,0,2006,1
498,PAL0607,2007-01-06,TOR,BCH,1630,6001,4600,M,42.0,18.1,132.7,132.7,454,0.0,0,0.0,0,2007,1
499,PAL0607,2007-01-06,TOR,BCH,1645,6002,4600,M,41.7,19.0,134.1,134.1,500,0.0,0,0.0,0,2007,1
500,PAL0607,2007-01-06,TOR,BCH,1700,6003,5100,M,37.8,18.2,219.2,219.2,1218,0.0,0,0.0,0,2007,1
501,PAL0607,2007-01-06,TOR,BCH,1715,6004,4650,F,34.6,17.8,225.7,225.7,1918,0.0,0,0.0,0,2007,1
502,PAL0607,2007-01-06,TOR,BCH,1715,6005,3350,F,36.5,16.4,69.1,69.1,104,0.0,0,0.0,0,2007,1
503,PAL0607,2007-01-13,TOR,BCH,1700,6006,4000,M,41.8,16.2,179.0,179.0,585,0.0,0,0.0,0,2007,1
504,PAL0607,2007-01-13,TOR,BCH,1715,6007,3900,M,40.4,19.1,188.0,188.0,686,0.0,0,0.0,0,2007,1
505,PAL0607,2007-01-13,TOR,BCH,1720,6008,3800,F,34.5,15.0,205.6,205.6,554,0.0,0,0.0,0,2007,1
506,PAL0607,2007-01-13,TOR,BCH,1730,6009,4000,F,36.7,16.6,188.8,188.8,458,0.0,0,0.0,0,2007,1
507,PAL0607,2007-01-13,TOR,BCH,1730,6010,4300,F,32.5,17.9,219.2,218.2,736,0.0,0,0.0,0,2007,1
508,PAL0607,2007-01-19,TOR,BCH,1730,6011,3600,F,36.8,16.6,199.5,199.5,326,0.0,0,0.0,0,2007,1
509,PAL0607,2007-01-19,TOR,BCH,1745,6012,3800,F,37.7,16.3,163.2,163.2,394,0.0,0,0.0,0,2007,1
510,PAL0607,2007-01-19,TOR,BCH,1800,6013,4400,M,38.1,18.3,147.3,147.3,424,0.0,0,0.0,0,2007,1
511,PAL0607,2007-01-19,TOR,BCH,1815,6014,4350,M,39.6,18.9,296.5,296.5,1009,0.0,0,0.0,0,2007,1
512,PAL0607,2007-01-19,TOR,BCH,1840,6015,4050,F,35.4,17.3,107.6,106.6,322,0.0,0,0.0,0,2007,1
513,PAL0607,2007-01-26,TOR,BCH,1745,6016,4600,M,42.3,21.7,279.3,279.3,965,0.0,0,0.0,0,2007,1
514,PAL0607,2007-01-26,TOR,BCH,1745,6017,4150,M,38.9,18.9,276.1,276.1,365,0.0,0,0.0,0,2007,1
515,PAL0607,2007-01-26,TOR,BCH,1800,6018,3750,F,34.1,15.5,96.2,96.2,107,0.0,0,0.0,0,2007,1
516,PAL0607,2007-01-26,TOR,BCH,1805,6019,4950,M,38.9,18.2,258.7,257.5,494,0.0,0,0.0,0,2007,1
517,PAL0607,2007-01-26,TOR,BCH,1835,6020,4450,F,35.3,17.6,237.8,237.8,748,0.0,0,0.0,0,2007,1
518,PAL0607,2007-02-02,TOR,BCH,1620,6021,4150,M,38.7,19.5,301.8,301.8,1215,0.0,0,0.0,0,2007,2
519,PAL0607,2007-02-02,TOR,BCH,1640,6022,4250,M,38.3,18.7,362.5,362.5,736,0.0,0,0.0,0,2007,2
520,PAL0607,2007-02-02,TOR,BCH,1700,6023,5000,M,37.9,18.2,184.1,184.1,398,0.0,0,0.0,0,2007,2
521,PAL0607,2007-02-02,TOR,BCH,1700,6024,4400,F,36.5,16.2,197.4,197.4,317,0.0,0,0.0,0,2007,2
522,PAL0607,2007-02-02,TOR,BCH,1710,6025,3850,F,35.9,17.6,239.1,239.1,539,0.0,0,0.0,0,2007,2
523,PAL0708,2008-01-04,TOR,BCH,18:30,7001,4900,M,42.2,19.0,225.8,215.8,729,0.0,0,0.0,0,2008,1
524,PAL0708,2008-01-04,TOR,BCH,18:50,7002,4450,F,35.1,17.3,132.4,132.4,257,0.0,0,0.0,0,2008,1
525,PAL0708,2008-01-04,TOR,BCH,19:10,7003,3700,M,39.4,19.5,228.8,152.8,438,0.0,0,1.0,1,2008,1
526,PAL0708,2008-01-04,TOR,BCH,19:30,7004,3650,M,40.0,18.1,137.0,137.0,383,0.0,0,0.0,0,2008,1
527,PAL0708,2008-01-04,TOR,BCH,19:50,7005,3650,M,41.7,19.0,185.9,185.9,491,0.0,0,0.0,0,2008,1
528,PAL0708,2008-01-11,TOR,BCH,18:50,7006,4625,M,39.4,19.8,244.9,226.9,911,0.0,0,1.0,1,2008,1
529,PAL0708,2008-01-11,TOR,BCH,19:10,7007,5050,F,37.2,17.9,252.1,251.1,969,0.0,0,1.0,1,2008,1
530,PAL0708,2008-01-11,TOR,BCH,19:30,7008,4050,F,35.0,15.9,192.9,192.9,780,0.0,0,0.0,0,2008,1
531,PAL0708,2008-01-11,TOR,BCH,19:50,7009,3750,F,37.3,17.2,331.7,276.7,859,0.0,0,0.0,0,2008,1
532,PAL0708,2008-01-11,TOR,BCH,20:10,7010,3950,F,34.5,15.2,159.2,159.2,555,0.0,0,0.0,0,2008,1
533,PAL0708,2008-01-18,TOR,BCH,18:00,7011,4850,M,39.2,18.2,202.5,202.5,904,0.0,0,0.0,0,2008,1
534,PAL0708,2008-01-18,TOR,BCH,18:20,7012,4300,F,38.3,16.7,167.5,167.5,344,0.0,0,0.0,0,2008,1
535,PAL0708,2008-01-18,TOR,BCH,18:40,7013,4200,M,40.4,17.3,377.9,376.9,1461,0.0,0,1.0,1,2008,1
536,PAL0708,2008-01-18,TOR,BCH,19:00,7014,4050,M,39.4,18.1,398.2,193.2,748,0.0,0,0.0,0,2008,1
537,PAL0708,2008-01-18,TOR,BCH,19:20,7015,3400,F,33.7,15.9,153.5,117.5,302,0.0,0,1.0,1,2008,1
538,PAL0708,2008-01-27,TOR,BCH,18:40,7016,4950,M,36.2,20.2,213.9,213.9,902,0.0,0,0.0,0,2008,1
539,PAL0708,2008-01-27,TOR,BCH,18:50,7017,3950,F,36.7,16.8,181.6,181.6,499,0.0,0,0.0,0,2008,1
540,PAL0708,2008-01-27,TOR,BCH,19:05,7018,4150,M,37.0,17.3,218.7,218.7,650,0.0,0,0.0,0,2008,1
541,PAL0708,2008-01-27,TOR,BCH,19:15,7019,3800,F,36.2,16.4,348.2,227.2,563,0.0,0,1.0,1,2008,1
542,PAL0708,2008-01-27,TOR,BCH,19:30,7020,3750,F,38.8,16.8,140.9,139.9,369,0.0,0,1.0,1,2008,1
543,PAL0708,2008-02-02,TOR,BCH,19:50,7021,4275,M,38.2,19.2,430.7,224.7,877,0.0,0,1.0,1,2008,2
544,PAL0708,2008-02-02,TOR,BCH,20:05,7022,3800,F,34.6,17.6,214.6,153.6,549,0.0,0,1.0,1,2008,2
545,PAL0708,2008-02-02,TOR,BCH,20:20,7023,3950,F,33.0,16.8,153.3,153.3,529,0.0,0,0.0,0,2008,2
546,PAL0708,2008-02-02,TOR,BCH,20:30,7024,4150,M,43.8,17.6,182.5,96.5,214,0.0,0,1.0,1,2008,2
547,PAL0708,2008-02-02,TOR,BCH,20:45,7025,3800,F,35.4,17.3,308.9,253.9,887,0.0,0,0.0,0,2008,2
548,PAL0809,2009-01-07,TOR,BCH,20:15,8001,4750,M,38.5,18.1,180.4,180.4,747,0.0,0,0.0,0,2009,1
549,PAL0809,2009-01-07,TOR,BCH,20:40,8002,3850,F,38.1,16.4,182.7,161.7,408,0.0,0,1.0,1,2009,1
550,PAL0809,2009-01-19,TOR,BCH,18:37,8003,3750,F,37.1,17.0,318.6,318.6,693,0.0,0,0.0,0,2009,1
551,PAL0809,2009-01-19,TOR,BCH,19:00,8004,4000,M,42.3,19.6,3.7,3.7,16,0.0,0,0.0,0,2009,1
552,PAL0809,2009-01-19,TOR,BCH,19:20,8005,4275,F,35.0,16.8,145.5,145.5,215,0.0,0,0.0,0,2009,1
553,PAL0809,2009-01-19,TOR,BCH,19:40,8006,4140,F,39.8,17.2,232.5,232.5,483,0.0,0,0.0,0,2009,1
554,PAL0809,2009-01-19,TOR,BCH,20:00,8007,4850,M,38.3,18.3,264.0,263.0,980,0.0,0,1.0,1,2009,1
555,PAL0809,2009-01-26,TOR,BCH,18:00,8008,4480,M,41.0,16.9,75.4,75.4,173,0.0,0,0.0,0,2009,1
556,PAL0809,2009-01-26,TOR,BCH,18:15,8009,4390,F,34.7,17.3,150.1,150.1,374,0.0,0,0.0,0,2009,1
557,PAL0809,2009-01-26,TOR,BCH,18:35,8010,4590,F,35.6,16.7,24.8,24.8,84,0.0,0,0.0,0,2009,1
558,PAL0809,2009-01-26,TOR,BCH,18:50,8011,4650,M,41.4,17.5,78.9,78.9,213,0.0,0,0.0,0,2009,1
559,PAL0809,2009-01-26,TOR,BCH,19:10,8012,5050,M,37.3,18.3,137.3,137.3,335,0.0,0,0.0,0,2009,1
560,PAL0809,2009-02-02,TOR,BCH,18:05,8013,4650,F,36.7,17.3,174.3,174.3,457,0.0,0,0.0,0,2009,2
561,PAL0809,2009-02-02,TOR,BCH,18:20,8014,4500,M,39.1,17.0,224.8,224.8,346,0.0,0,0.0,0,2009,2
562,PAL0809,2009-02-02,TOR,BCH,18:40,8015,4040,F,36.4,15.8,86.8,86.8,166,0.0,0,0.0,0,2009,2
563,PAL0809,2009-02-02,TOR,BCH,19:00,8016,4600,M,39.2,16.0,79.6,79.6,125,0.0,0,0.0,0,2009,2
564,PAL0809,2009-02-02,TOR,BCH,19:20,8017,4710,M,43.2,18.4,99.6,98.6,215,0.0,0,1.0,1,2009,2
565,PAL0910,2010-01-03,TOR,BCH,2100,9001,4450,F,34.5,18.3,87.0,86.0,212,0.0,0,1.0,0,2010,1
566,PAL0910,2010-01-03,TOR,BCH,2100,9002,4900,M,38.5,19.3,100.0,130.0,205,0.0,0,0.0,0,2010,1
567,PAL0910,2010-01-03,TOR,BCH,2100,9003,4125,F,36.8,17.0,70.0,69.0,115,0.0,0,1.0,0,2010,1
568,PAL0910,2010-01-12,TOR,BCH,1930,9004,3700,F,38.6,17.9,103.0,183.0,329,0.0,0,0.0,0,2010,1
569,PAL0910,2010-01-12,TOR,BCH,2000,9005,4100,M,41.8,16.5,91.0,91.0,169,0.0,0,0.0,0,2010,1
570,PAL0910,2010-01-12,TOR,BCH,2030,9006,5000,M,37.6,19.5,224.0,247.0,468,2.0,10,0.0,0,2010,1
571,PAL0910,2010-01-12,TOR,BCH,2100,9007,4450,F,37.4,17.5,156.0,204.0,308,0.0,0,0.0,0,2010,1
572,PAL0910,2010-01-12,TOR,BCH,2130,9008,3650,F,38.9,18.7,116.0,141.0,407,0.0,0,1.0,0,2010,1
573,PAL0910,2010-01-19,TOR,BCH,1900,9009,4375,F,35.5,18.5,258.0,282.0,458,0.0,0,1.0,0,2010,1
574,PAL0910,2010-01-19,TOR,BCH,1900,9010,4550,M,38.5,18.0,253.0,342.0,397,0.0,0,1.0,0,2010,1
575,PAL0910,2010-01-19,TOR,BCH,1900,9011,3750,F,34.5,19.4,91.0,152.0,159,0.0,0,4.0,0,2010,1
576,PAL0910,2010-01-19,TOR,BCH,1900,9012,3850,M,38.9,18.1,318.0,342.0,477,0.0,0,1.0,0,2010,1
577,PAL0910,2010-01-19,TOR,BCH,1900,9013,3950,M,39.0,18.0,331.0,475.0,548,0.0,0,1.0,0,2010,1
578,PAL0910,2010-01-26,TOR,BCH,1800,9014,3950,F,37.9,18.6,209.0,209.0,351,0.0,0,0.0,0,2010,1
579,PAL0910,2010-01-26,TOR,BCH,1800,9015,3800,M,40.2,18.3,216.0,253.0,362,0.0,0,1.0,0,2010,1
580,PAL0910,2010-01-26,TOR,BCH,1800,9016,3450,F,33.9,15.6,162.0,208.0,272,18.0,90,1.0,0,2010,1
581,PAL0910,2010-01-26,TOR,BCH,1800,9017,3800,F,35.8,17.8,77.0,147.0,186,0.0,0,0.0,0,2010,1
582,PAL0910,2010-01-26,TOR,BCH,1800,9018,3975,M,41.0,17.8,202.0,201.0,388,0.0,0,1.0,0,2010,1
583,PAL0910,2010-02-04,TOR,BCH,1800,9019,4450,F,35.5,18.1,205.0,304.0,641,1.0,<5,1.0,0,2010,2
584,PAL0910,2010-02-04,TOR,BCH,1800,9020,4175,M,38.2,18.4,348.0,348.0,697,0.0,0,0.0,0,2010,2
585,PAL0910,2010-02-04,TOR,BCH,1800,9021,4500,M,41.1,18.2,267.0,386.0,592,0.0,0,1.0,0,2010,2
586,PAL0910,2010-02-04,TOR,BCH,1800,9022,5025,M,43.8,17.9,246.0,371.0,470,0.0,0,0.0,0,2010,2
587,PAL0910,2010-02-04,TOR,BCH,1800,9023,4250,F,35.2,17.2,104.0,103.0,195,0.0,0,1.0,0,2010,2
588,PAL1011,2011-01-01,TOR,23.0,1840,10001,4800,M,37.1,19.0,324.0,162.0,507,162.0,2464,0.0,0,2011,1
589,PAL1011,2011-01-01,TOR,23.0,1840,10002,3650,F,36.9,18.0,422.0,7.0,8,174.0,1392,1.0,1,2011,1
590,PAL1011,2011-01-01,TOR,23.0,1840,10003,4025,F,36.8,18.2,311.0,8.1,14,302.0,2416,0.0,0,2011,1
591,PAL1011,2011-01-01,TOR,23.0,1840,10004,4975,M,42.2,19.2,259.0,30.0,54,229.0,1832,0.0,0,2011,1
592,PAL1011,2011-01-01,TOR,23.0,1840,10005,4050,M,39.7,18.5,241.0,240.0,248,0.0,0,1.0,1,2011,1
593,PAL1011,2011-01-07,TOR,23.0,2030,10006,4600,M,37.6,18.1,193.0,11.0,12,183.0,1464,0.0,0,2011,1
594,PAL1011,2011-01-07,TOR,23.0,2030,10007,3650,F,36.2,17.4,205.0,203.0,148,0.0,0,1.0,1,2011,1
595,PAL1011,2011-01-07,TOR,23.0,2030,10008,5100,M,43.3,21.0,304.0,8.0,12,295.0,2360,1.0,1,2011,1
596,PAL1011,2011-01-07,TOR,23.0,2030,10009,3600,F,34.3,15.3,326.0,325.0,1005,0.0,0,0.0,0,2011,1
597,PAL1011,2011-01-07,TOR,23.0,2030,10010,4175,F,36.0,17.4,151.0,148.0,467,1.0,8,1.0,1,2011,1
598,PAL1011,2011-01-15,TOR,23.0,2000,10011,4225,F,33.0,16.6,282.0,282.0,2209,0.0,0,0.0,0,2011,1
599,PAL1011,2011-01-15,TOR,23.0,2000,10012,4850,M,37.5,18.5,119.0,119.0,534,0.0,0,0.0,0,2011,1
600,PAL1011,2011-01-15,TOR,23.0,2000,10013,4225,F,38.8,18.3,272.0,215.0,263,57.0,456,0.0,0,2011,1
601,PAL1011,2011-01-15,TOR,23.0,2000,10014,4550,M,41.8,18.7,214.0,213.0,596,0.0,0,1.0,1,2011,1
602,PAL1011,2011-01-15,TOR,23.0,2000,10015,4600,M,40.8,17.6,194.0,194.0,360,0.0,0,0.0,0,2011,1
603,PAL1011,2011-01-21,TOR,23.0,1900,10016,3750,F,38.1,18.2,200.7,43.6,108,157.1,1256.8,0.0,0,2011,1
604,PAL1011,2011-01-21,TOR,23.0,1900,10017,4475,F,36.0,18.2,324.0,82.0,97,241.0,1928,1.0,0,2011,1
605,PAL1011,2011-01-21,TOR,23.0,1900,10018,4400,M,40.2,19.9,197.0,177.0,778,20.0,160,0.0,0,2011,1
606,PAL1011,2011-01-21,TOR,23.0,1900,10019,3550,F,37.7,16.7,212.0,26.7,170,175.3,1402.4,0.0,0,2011,1
607,PAL1011,2011-01-21,TOR,23.0,1900,10020,5050,M,39.5,18.0,192.0,192.0,397,0.0,0,0.0,0,2011,1
608,PAL1011,2011-01-27,TOR,23.0,1900,10021,4300,M,41.5,18.6,264.0,264.0,323,0.0,0,0.0,0,2011,1
609,PAL1011,2011-01-27,TOR,23.0,1900,10022,4050,F,36.7,16.6,89.0,33.0,43,54.0,432,1.0,1,2011,1
610,PAL1011,2011-01-27,TOR,23.0,1900,10023,4125,F,39.7,17.1,105.0,104.0,145,0.0,0,0.0,0,2011,1
611,PAL1011,2011-01-27,TOR,23.0,1900,10024,3700,F,35.8,18.3,397.0,395.0,849,0.0,0,1.0,1,2011,1
612,PAL1011,2011-01-27,TOR,23.0,1900,10025,4200,M,41.3,17.8,237.0,127.0,142,108.0,864,1.0,1,2011,1
613,PAL1112,2012-01-08,TOR,23.0,1940,11001,3650,F,36.7,15.5,107.0,107.0,309,0.0,0,0.0,0,2012,1
614,PAL1112,2012-01-08,TOR,23.0,1940,11002,4000,M,37.6,19.2,125.0,157.0,222,0.0,0,0.0,0,2012,1
615,PAL1112,2012-01-08,TOR,23.0,1940,11003,4500,M,42.1,18.0,104.0,103.0,307,0.0,0,1.0,1,2012,1
616,PAL1112,2012-01-08,TOR,23.0,1940,11004,3950,F,36.0,18.8,129.0,128.0,299,0.0,0,1.0,1,2012,1
617,PAL1112,2012-01-08,TOR,23.0,1940,11005,4375,M,42.8,18.8,84.0,84.0,147,0.0,0,0.0,0,2012,1
618,PAL1718,,TOR,23,1945,11006,5100,M,38.3,18.2,96.0,96.0,246,0.0,0,0.0,0,0,0
619,PAL1718,,TOR,23,1945,11007,5100,M,44.6,18.7,110.0,110.0,277,0.0,0,0.0,0,0,0
620,PAL1718,,TOR,23,1945,11008,4650,M,36.6,18.9,140.0,141.0,409,0.0,0,0.0,0,0,0
621,PAL1718,,TOR,23,1945,11009,3850,F,33.5,16.8,63.0,63.0,165,0.0,0,0.0,0,0,0
622,PAL1718,,TOR,23,1945,11010,4050,F,36.6,16.1,61.0,60.0,610,0.0,0,1.0,1,0,0
623,PAL1112,2012-01-26,TOR,23.0,1930,11011,4200,M,41.1,19.3,216.0,215.0,462,0.0,0,1.0,1,2012,1
624,PAL1112,2012-01-26,TOR,23.0,1930,11012,3700,F,36.7,17.5,121.0,120.0,1659,0.0,0,0.0,0,2012,1
625,PAL1112,2012-01-26,TOR,23.0,1930,11013,4150,M,39.2,17.5,135.0,133.0,489,0.0,0,1.0,1,2012,1
626,PAL1112,2012-01-26,TOR,23.0,1930,11014,4000,F,36.7,17.2,132.0,132.0,373,0.0,0,0.0,0,2012,1
627,PAL1112,2012-01-26,TOR,23.0,1930,11015,3400,F,32.2,14.8,107.0,106.0,405,0.0,0,1.0,1,2012,1
628,PAL1213,2013-01-03,TOR,23.0,2000,12001,4700,M,47.3,20.1,199.0,199.0,1089,0.0,0,0.0,0,2013,1
629,PAL1213,2013-01-03,TOR,23.0,2000,12002,3600,F,39.4,16.8,188.0,188.0,1102,0.0,0,0.0,0,2013,1
630,PAL1213,2013-01-03,TOR,23.0,2000,12003,4300,F,38.4,17.5,177.8,177.8,1266,0.0,0,0.0,0,2013,1
631,PAL1213,2013-01-03,TOR,23.0,2000,12004,4400,F,36.2,18.0,212.0,187.0,1206,0.0,0,0.0,0,2013,1
632,PAL1213,2013-01-03,TOR,23.0,2000,12005,4300,M,43.0,18.3,30.0,30.0,30,0.0,0,1.0,1,2013,1
633,PAL1213,2013-01-09,TOR,23.0,2000,12006,4150,F,37.3,18.8,177.0,175.0,993,0.0,0,1.0,1,2013,1
634,PAL1213,2013-01-09,TOR,23.0,2000,12007,4150,M,40.9,19.5,93.0,93.0,584,0.0,0,0.0,0,2013,1
635,PAL1213,2013-01-09,TOR,23.0,2000,12008,4300,M,38.3,18.9,144.0,144.0,642,0.0,0,0.0,0,2013,1
636,PAL1213,2013-01-09,TOR,23.0,2000,12009,4600,M,40.1,19.3,217.0,217.0,1206,0.0,0,0.0,0,2013,1
637,PAL1213,2013-01-09,TOR,23.0,2000,12010,3950,M,40.6,18.2,257.0,257.0,843,0.0,0,0.0,0,2013,1
638,PAL1213,2013-01-16,TOR,BCH,1900,12011,4400,M,43.2,19.9,178.0,178.0,858,0.0,0,0.0,0,2013,1
639,PAL1213,2013-01-16,TOR,BCH,1900,12012,3500,F,33.7,17.0,182.0,182.0,987,0.0,0,0.0,0,2013,1
640,PAL1213,2013-01-16,TOR,BCH,1900,12013,4150,M,40.0,20.6,240.0,239.0,1221,0.0,0,1.0,1,2013,1
641,PAL1213,2013-01-16,TOR,BCH,1900,12014,4250,F,35.8,15.7,158.0,158.0,909,0.0,0,0.0,0,2013,1
642,PAL1213,2013-01-16,TOR,BCH,1900,12015,4350,M,39.6,18.6,138.0,137.0,732,0.0,0,1.0,1,2013,1
643,PAL1213,2013-01-23,TOR,BCH,1900,12016,4150,F,38.8,18.3,109.3,109.3,510,0.0,0,0.0,0,2013,1
644,PAL1213,2013-01-23,TOR,BCH,1900,12017,4900,M,41.8,21.0,109.6,109.6,418,0.0,0,0.0,0,2013,1
645,PAL1213,2013-01-23,TOR,BCH,1900,12018,4100,M,39.8,18.1,363.0,363.0,1866,0.0,0,0.0,0,2013,1
646,PAL1213,2013-01-23,TOR,BCH,1900,12019,3750,M,41.6,17.8,363.5,362.5,1147,0.0,0,1.0,1,2013,1
647,PAL1213,2013-01-23,TOR,BCH,1900,12020,3900,F,38.4,17.7,328.7,328.7,1713,0.0,0,0.0,0,2013,1
648,PAL1213,2013-01-28,TOR,BCH,1930,12021,4550,M,44.1,19.7,220.0,220.0,1057,0.0,0,0.0,0,2013,1
649,PAL1213,2013-01-28,TOR,BCH,1930,12022,4000,F,36.6,18.9,279.2,278.2,1372,0.0,0,1.0,1,2013,1
650,PAL1314,2014-02-01,TOR,23.0,1820,12023,4900,M,41.4,18.5,219.11,218.0,339,0.0,0,1.0,1,2014,2
651,PAL1213,2013-01-28,TOR,BCH,1930,12024,3950,M,39.5,19.4,291.0,291.0,1344,0.0,0,0.0,0,2013,1
652,PAL1213,2013-01-28,TOR,BCH,1930,12025,4450,F,38.2,17.9,328.0,327.0,1399,0.0,0,0.0,0,2013,1
653,PAL1314,2014-01-06,TOR,23.0,1943,13002,4300,M,38.4,17.5,0.0,0.0,0,0.0,0,0.0,0,2014,1
654,PAL1314,2014-01-06,TOR,23.0,1943,13003,0,M,40.4,17.9,0.0,0.0,0,0.0,0,0.0,0,2014,1
655,PAL1314,2014-01-06,TOR,23.0,1943,13004,4400,M,40.2,18.7,65.96,64.96,49,0.0,0,1.0,1,2014,1
656,PAL1314,2014-01-16,TOR,23.0,1943,13005,4150,M,40.7,18.2,170.22,169.22,276,0.0,0,1.0,1,2014,1
657,PAL1314,2014-01-16,TOR,23.0,1943,13006,4600,M,37.1,20.0,148.0,148.0,556,0.0,0,0.0,0,2014,1
658,PAL1314,2014-01-16,TOR,23.0,1943,13007,3750,F,31.9,15.5,32.87,31.8,47,0.0,0,1.0,1,2014,1
659,PAL1314,2014-01-16,TOR,23.0,1943,13008,4000,F,35.1,16.6,107.25,106.25,187,0.0,0,1.0,1,2014,1
660,PAL1314,2014-01-16,TOR,23.0,1943,13009,4575,F,35.3,17.7,86.0,86.0,??,0.0,0,0.0,0,2014,1
661,PAL1314,2014-01-22,TOR,23.0,1853,13010,4300,F,37.9,18.2,26.06,25.06,52,0.0,0,1.0,1,2014,1
662,PAL1314,2014-01-22,TOR,23.0,1853,13011,5400,M,37.3,18.6,244.81,244.81,448,0.0,0,0.0,0,2014,1
663,PAL1314,2014-01-22,TOR,23.0,1853,13012,4950,M,41.0,17.3,86.47,85.47,150,0.0,0,1.0,0,2014,1
664,PAL1314,2014-01-22,TOR,23.0,1853,13013,4575,F,37.6,16.8,154.9,153.9,437,0.0,0,1.0,1,2014,1
665,PAL1314,2014-01-22,TOR,23.0,1853,13014,5000,M,42.1,18.2,203.0,201.0,444,0.0,0,2.0,0,2014,1
666,PAL1314,2014-01-27,TOR,23.0,1900,13015,4550,M,37.7,19.6,109.0,109.0,164,0.0,0,0.0,0,2014,1
667,PAL1314,2014-01-27,TOR,23.0,1900,13016,5000,M,41.6,19.8,69.36,69.36,172,0.0,0,0.0,0,2014,1
668,PAL1314,2014-01-27,TOR,23.0,1900,13017,4100,M,39.0,18.0,120.4,120.4,589,0.0,0,0.0,0,2014,1
669,PAL1314,2014-01-27,TOR,23.0,1900,13018,3900,F,36.6,17.0,184.0,184.0,521,0.0,0,0.0,0,2014,1
670,PAL1314,2014-01-27,TOR,23.0,1900,13020,4000,M,38.0,19.5,151.84,151.84,279,0.0,0,0.0,0,2014,1
671,PAL1314,2014-02-01,TOR,23.0,1820,13021,4850,F,38.4,16.1,168.73,168.73,608,0.0,0,0.0,0,2014,2
672,PAL1314,2014-02-01,TOR,23.0,1820,13022,3875,M,42.0,18.1,197.0,197.0,362,0.0,0,0.0,0,2014,2
673,PAL1314,2014-02-01,TOR,23.0,1820,13024,4500,M,37.5,19.6,116.2,116.2,343,0.0,0,0.0,0,2014,2
674,PAL1314,2014-02-01,TOR,23.0,1820,13025,4625,M,44.6,19.2,156.6,156.6,465,0.0,0,0.0,0,2014,2
675,PAL1415,2015-01-03,TOR,16.0,1930,14001,5150,M,44.8,20.4,229.8,274.8,426,0.0,0,0.0,0,2015,1
676,PAL1415,2015-01-03,TOR,16.0,1930,14002,4175,F,37.8,16.9,99.4,99.4,277,0.0,0,0.0,0,2015,1
677,PAL1415,2015-01-03,TOR,16.0,1930,14003,4900,M,43.6,20.3,129.0,289.0,805,0.0,0,0.0,0,2015,1
678,PAL1415,2015-01-03,TOR,16.0,1930,14004,4675,F,37.1,19.0,207.0,207.0,451,0.0,0,0.0,0,2015,1
679,PAL1415,2015-01-03,TOR,16.0,1930,14005,4850,M,40.1,19.6,199.7,199.7,373,0.0,0,0.0,0,2015,1
680,PAL1415,2015-01-11,TOR,16.0,1830,14006,4150,M,39.4,16.3,23.9,23.9,67,0.0,0,0.0,0,2015,1
681,PAL1415,2015-01-11,TOR,16.0,1830,14007,4350,F,37.1,18.4,128.5,203.5,581,0.0,0,0.0,0,2015,1
682,PAL1415,2015-01-11,TOR,16.0,1830,14008,3650,F,37.8,17.5,106.0,166.0,377,0.0,0,1.0,1,2015,1
683,PAL1415,2015-01-11,TOR,16.0,1830,14009,4600,M,40.5,19.4,169.8,169.8,326,0.0,0,0.0,0,2015,1
684,PAL1415,2015-01-11,TOR,16.0,1830,14010,5100,M,42.3,18.4,97.8,97.8,195,0.0,0,0.0,0,2015,1
685,PAL1415,2015-01-18,TOR,16.0,1900,14011,4650,M,39.6,18.6,327.3,397.3,796,0.0,0,0.0,0,2015,1
686,PAL1415,2015-01-18,TOR,16.0,1900,14012,4250,M,41.7,20.0,236.5,236.5,415,0.0,0,0.0,0,2015,1
687,PAL1415,2015-01-18,TOR,16.0,1900,14013,4750,M,40.9,19.0,145.5,240.5,387,0.0,0,0.0,0,2015,1
688,PAL1415,2015-01-18,TOR,16.0,1900,14014,3850,F,34.5,16.2,263.1,378.1,707,0.0,0,0.0,0,2015,1
689,PAL1415,2015-01-18,TOR,16.0,1900,14015,4950,M,40.1,18.7,185.5,245.5,444,0.0,0,0.0,0,2015,1
690,PAL1415,2015-01-26,TOR,16.0,1930,14016,4100,F,36.0,17.8,194.6,194.6,388,0.0,0,0.0,0,2015,1
691,PAL1415,2015-01-26,TOR,16.0,1930,14017,3525,M,44.1,18.1,470.7,469.4,856,0.0,0,1.0,0,2015,1
692,PAL1415,2015-01-26,TOR,16.0,1930,14018,4550,M,37.1,17.9,179.2,179.2,298,0.0,0,0.0,0,2015,1
693,PAL1415,2015-01-26,TOR,16.0,1930,14019,4000,M,37.7,17.2,286.5,93.1,155,193.4,4255,0.0,0,2015,1
694,PAL1415,2015-01-26,TOR,16.0,1930,14020,4250,F,36.0,17.4,293.0,337.0,716,0.0,0,6.0,0,2015,1
695,PAL1415,2015-02-03,TOR,16.0,1900,14021,4800,M,41.0,19.0,376.6,376.6,511,0.0,0,0.0,0,2015,2
696,PAL1415,2015-02-03,TOR,16.0,1900,14022,4300,M,42.0,18.8,155.6,142.4,213,12.2,440,1.0,0,2015,2
697,PAL1415,2015-02-03,TOR,16.0,1900,14023,4350,M,39.0,17.8,264.5,264.5,397,0.0,0,0.0,0,2015,2
698,PAL1415,2015-02-03,TOR,16.0,1900,14024,4100,M,40.6,18.8,57.6,56.6,83,0.0,0,1.0,0,2015,2
699,PAL1415,2015-02-03,TOR,16.0,1900,14025,3850,F,35.1,16.2,65.7,64.7,119,0.0,0,1.0,0,2015,2
700,PAL1415,2015-02-09,TOR,16.0,1900,14026,4000,M,39.7,18.5,422.7,422.7,732,0.0,0,0.0,0,2015,2
701,PAL1415,2015-02-09,TOR,16.0,1900,14027,3500,F,33.6,16.8,180.2,180.2,258,0.0,0,0.0,0,2015,2
702,PAL1516,2016-01-06,TOR,16,1840,15001,3900,F,38.0,18.9,129.7,128.7,167,0.0,0,1.0,1,2016,1
703,PAL1516,2016-01-06,TOR,16,1840,15002,4550,F,38.6,19.1,69.34,69.34,88,0.0,0,0.0,0,2016,1
704,PAL1516,2016-01-06,TOR,16,1840,15003,5600,M,45.8,20.8,97.2,97.2,153,0.0,0,0.0,0,2016,1
705,PAL1516,2016-01-06,TOR,16,1840,15004,4700,F,37.5,18.9,59.09,58.09,94,0.0,0,1.0,1,2016,1
706,PAL1516,2016-01-06,TOR,16,1840,15005,4800,M,41.8,19.8,32.5,32.5,,0.0,0,0.0,0,2016,1
707,PAL1516,2016-01-12,TOR,16,1900,15006,3600,F,37.7,18.4,59.38,59.38,97,0.0,0,0.0,0,2016,1
708,PAL1516,2016-01-12,TOR,16,1900,15007,3300,F,34.1,15.5,147.2,145.2,183,0.0,0,2.0,1,2016,1
709,PAL1516,2016-01-12,TOR,16,1900,15008,4300,M,38.2,19.0,113.37,113.37,159,0.0,0,0.0,0,2016,1
710,PAL1516,2016-01-12,TOR,16,1900,15009,4100,F,36.1,16.8,314.2,313.2,535,0.0,0,1.0,1,2016,1
711,PAL1516,2016-01-12,TOR,16,1900,15010,4300,M,40.7,18.8,130.85,129.85,216,0.0,0,1.0,1,2016,1
712,PAL1516,2016-01-18,TOR,16,1830,15011,4100,M,40.7,19.1,194.25,193.25,297,0.0,0,1.0,1,2016,1
713,PAL1516,2016-01-18,TOR,16,1830,15012,5300,M,42.6,18.0,153.98,152.98,239,0.0,0,1.0,1,2016,1
714,PAL1516,2016-01-18,TOR,16,1830,15013,4600,F,35.8,16.8,115.82,112.02,162,0.0,0,3.8,1,2016,1
715,PAL1516,2016-01-18,TOR,16,1830,15014,4200,F,36.9,17.9,182.29,181.29,381,0.0,0,1.0,1,2016,1
716,PAL1516,2016-01-18,TOR,16,1830,15015,4300,F,38.3,17.0,310.5,309.5,549,0.0,0,1.0,1,2016,1
717,PAL1516,2016-01-25,TOR,16,1830,15016,5300,F,38.6,19.3,204.34,201.69,573,1.0,8,1.65,1,2016,1
718,PAL1516,2016-01-25,TOR,16,1830,15017,3700,F,34.5,15.7,140.2,139.2,220,0.0,0,1.0,1,2016,1
719,PAL1516,2016-01-25,TOR,16,1830,15018,4600,F,36.3,17.8,138.82,137.82,208,0.0,0,1.0,1,2016,1
720,PAL1516,2016-01-25,TOR,16,1830,15019,4700,M,42.5,18.7,145.11,52.77,65,91.34,2421,0.0,0,2016,1
721,PAL1516,2016-01-25,TOR,16,1830,15020,4600,M,43.2,19.4,174.38,167.56,206,4.82,155,1.0,1,2016,1
722,PAL1617,2017-01-05,TOR,23,1930,16001,4100,F,36.5,17.5,69.76,68.76,146,0.0,0,1.0,1,2017,1
723,PAL1617,2017-01-05,TOR,23,1930,16002,4100,M,38.6,19.7,202.9,202.9,340,0.0,0,0.0,0,2017,1
724,PAL1617,2017-01-05,TOR,23,1930,16003,4450,M,40.1,18.1,113.86,113.86,232,0.0,0,0.0,0,2017,1
725,PAL1617,2017-01-05,TOR,23,1930,16004,3750,F,37.0,18.2,167.0,166.0,815,0.0,0,1.0,1,2017,1
726,PAL1617,2017-01-05,TOR,23,1930,16005,4100,F,35.2,18.0,309.6,308.6,571,0.0,0,1.0,1,2017,1
727,PAL1617,2017-01-10,TOR,23,1910,16006,3650,F,35.2,17.3,227.12,227.12,343,0.0,0,0.0,0,2017,1
728,PAL1617,2017-01-10,TOR,23,1910,16007,4650,M,39.9,18.2,178.26,178.26,424,0.0,0,0.0,0,2017,1
729,PAL1617,2017-01-10,TOR,23,1910,16008,4200,F,37.5,16.8,177.0,177.0,290,0.0,0,0.0,0,2017,1
730,PAL1617,2017-01-10,TOR,23,1910,16009,3800,F,33.9,15.7,137.2,136.2,192,0.0,0,1.0,1,2017,1
731,PAL1617,2017-01-10,TOR,23,1910,16010,5350,M,39.6,18.3,90.0,89.0,169,0.0,0,1.0,1,2017,1
732,PAL1617,2017-01-15,TOR,23,1844,16011,4950,M,39.4,18.3,211.95,211.95,421,0.0,0,0.0,0,2017,1
733,PAL1617,2017-01-15,TOR,23,1844,16012,4500,F,34.2,17.0,252.05,162.4,280,88.65,709,0.0,0,2017,1
734,PAL1617,2017-01-15,TOR,23,1844,16013,4450,F,37.8,18.0,185.43,46.72,95,138.71,1110,0.0,0,2017,1
735,PAL1617,2017-01-15,TOR,23,1844,16014,3900,F,37.2,19.2,56.27,56.27,67,0.0,0,0.0,0,2017,1
736,PAL1617,2017-01-15,TOR,23,1844,16015,4350,M,39.5,19.0,174.85,166.65,288,0.0,0,7.2,1,2017,1
737,PAL1617,2017-01-22,TOR,23,1900,16016,4500,M,39.6,18.5,166.58,165.58,232,0.0,0,1.0,1,2017,1
738,PAL1617,2017-01-22,TOR,23,1900,16017,3550,F,38.7,16.3,158.78,158.78,253,0.0,0,0.0,0,2017,1
739,PAL1617,2017-01-22,TOR,23,1900,16018,4950,M,39.4,18.2,89.0,82.0,137,0.0,0,7.0,1,2017,1
740,PAL1617,2017-01-22,TOR,23,1900,16019,4750,M,41.8,18.1,128.88,128.88,190,0.0,0,0.0,0,2017,1
741,PAL1617,2017-01-22,TOR,23,1900,16020,4600,M,39.1,19.2,49.86,11.59,77,0.0,0,0.0,0,2017,1
742,PAL1718,2018-01-03,TOR,23,1915,17001,4550,F,38.1,18.6,205.9,204.9,439,0.0,0,0.0,0,2018,1
743,PAL1718,2018-01-03,TOR,23,1915,17002,4000,M,43.3,18.4,166.3,166.3,462,0.0,0,0.0,0,2018,1
744,PAL1718,2018-01-03,TOR,23,1915,17003,4200,M,38.6,18.9,239.9,239.9,429,0.0,0,0.0,0,2018,1
745,PAL1718,2018-01-03,TOR,23,1915,17004,4450,M,39.1,18.5,149.5,149.5,563,0.0,0,0.0,0,2018,1
746,PAL1718,2018-01-03,TOR,23,1915,17005,4000,M,40.3,17.5,188.6,187.6,517,0.0,0,1.0,1,2018,1
747,PAL1718,2018-01-08,HUM,2,1730,17006,4050,F,36.2,17.9,154.36,154.36,436,0.0,0,0.0,0,2018,1
748,PAL1718,2018-01-08,HUM,2,1730,17007,4400,M,38.8,17.2,365.32,365.32,659,0.0,0,0.0,0,2018,1
749,PAL1718,2018-01-08,HUM,2,1730,17008,4650,M,39.2,18.6,114.16,114.16,311,0.0,0,0.0,0,2018,1
750,PAL1718,2018-01-08,HUM,2,1730,17009,4800,F,33.8,18.3,156.4,156.4,728,0.0,0,0.0,0,2018,1
751,PAL1718,2018-01-08,HUM,2,1730,17010,4950,M,40.4,20.3,115.1,115.1,519,0.0,0,0.0,0,2018,1
752,PAL1718,2018-01-15,TOR,23,1800,17011,4950,M,36.8,18.7,463.93,463.93,1122,0.0,0,0.0,0,2018,1
753,PAL1718,2018-01-15,TOR,23,1800,17012,3900,F,36.1,17.9,143.5,143.5,387,0.0,0,0.0,0,2018,1
754,PAL1718,2018-01-15,TOR,23,1800,17013,4300,M,39.3,19.2,129.7,129.7,631,0.0,0,0.0,0,2018,1
755,PAL1718,2018-01-15,TOR,23,1800,17014,3850,F,38.1,18.1,228.7,228.2,755,0.0,0,0.0,0,2018,1
756,PAL1718,2018-01-15,TOR,23,1800,17015,4200,F,37.9,20.2,213.54,213.54,535,0.0,0,0.0,0,2018,1
757,PAL1718,2018-01-23,TOR,BCH,1730,17016,4500,F,36.2,18.1,169.3,169.3,409,0.0,0,0.0,0,2018,1
758,PAL1718,2018-01-23,TOR,BCH,1730,17017,4350,M,39.7,19.8,227.62,226.62,471,0.0,0,1.0,1,2018,1
759,PAL1718,2018-01-23,TOR,BCH,1730,17018,4600,M,38.5,18.7,189.06,189.06,553,0.0,0,0.0,0,2018,1
760,PAL1718,2018-01-23,TOR,BCH,1730,17019,4150,F,36.6,17.2,251.6,251.6,881,0.0,0,0.0,0,2018,1
761,PAL1718,2018-01-23,TOR,BCH,1730,17020,4400,M,40.0,18.5,168.93,167.93,450,0.0,0,1.0,1,2018,1
762,PAL1718,2018-01-29,TOR,BCH,1730,17021,4750,M,39.7,18.0,104.33,104.33,497,0.0,0,0.0,0,2018,1
763,PAL1718,2018-01-29,TOR,BCH,1730,17022,4000,F,35.3,16.8,110.97,110.97,282,0.0,0,0.0,0,2018,1
764,PAL1718,2018-01-29,TOR,BCH,1730,17023,4150,M,40.7,18.8,72.3,70.2,245,0.0,0,2.1,1,2018,1
765,PAL1718,2018-01-29,TOR,BCH,1730,17024,4600,M,42.0,18.0,296.5,295.5,881,0.0,0,0.5,1,2018,1
766,PAL1718,2018-01-29,TOR,BCH,1730,17025,3900,F,37.7,18.0,187.2,186.2,556,0.0,0,1.0,1,2018,1
