index,Sample Number,Total Number,16-20mm,21-25mm,26-30mm,31-35mm,36-40mm,41-45mm,46-50mm,51-55mm,56-60mm,61-65mm,Date,year,month
0,92001,53,0,0,6,22,8,10,7,0,0,0,1993-01-11,1993,1
1,92002,50,0,3,11,20,7,8,1,0,0,0,1993-01-11,1993,1
2,92003,52,0,0,7,27,14,1,3,0,0,0,1993-01-11,1993,1
3,92004,56,0,0,7,19,17,10,2,1,0,0,1993-01-11,1993,1
4,92005,50,0,0,0,30,11,6,2,1,0,0,1993-01-11,1993,1
5,92006,53,0,0,3,23,16,10,1,0,0,0,1993-01-19,1993,1
6,92007,50,0,0,2,24,15,8,1,0,0,0,1993-01-19,1993,1
7,92008,54,0,0,1,13,22,17,1,0,0,0,1993-01-19,1993,1
8,92009,48,0,0,4,24,16,3,1,0,0,0,1993-01-19,1993,1
9,92010,50,0,0,1,25,14,9,1,0,0,0,1993-01-19,1993,1
10,92011,50,0,0,4,29,15,2,0,0,0,0,1993-01-23,1993,1
11,92012,56,0,0,3,23,23,7,0,0,0,0,1993-01-23,1993,1
12,92013,57,0,0,7,30,15,5,0,0,0,0,1993-01-23,1993,1
13,92014,58,0,0,3,28,23,3,1,0,0,0,1993-01-23,1993,1
14,92015,57,0,0,1,24,23,9,0,0,0,0,1993-01-23,1993,1
15,92016,50,0,0,0,10,24,15,1,0,0,0,1993-01-30,1993,1
16,92017,56,0,0,2,31,19,4,0,0,0,0,1993-01-30,1993,1
17,92018,56,0,0,0,8,30,12,6,0,0,0,1993-01-30,1993,1
18,92019,50,0,0,1,28,13,7,1,0,0,0,1993-01-30,1993,1
19,92020,52,0,0,0,29,18,4,1,0,0,0,1993-01-30,1993,1
20,92021,50,0,0,1,16,23,9,0,1,0,0,1993-02-04,1993,2
21,92022,50,0,0,4,27,19,0,0,0,0,0,1993-02-04,1993,2
22,92023,55,0,0,1,26,19,9,0,0,0,0,1993-02-04,1993,2
23,92024,50,0,0,0,9,23,14,4,0,0,0,1993-02-04,1993,2
24,92025,50,0,0,0,4,21,18,7,0,0,0,1993-02-04,1993,2
25,92026,54,0,0,3,11,23,17,0,0,0,0,1993-02-09,1993,2
26,92027,52,0,0,0,8,22,16,4,2,0,0,1993-02-09,1993,2
27,92028,54,0,0,0,7,17,17,12,1,0,0,1993-02-09,1993,2
28,92029,50,0,0,0,15,23,10,2,0,0,0,1993-02-09,1993,2
29,92030,50,0,0,1,3,19,16,8,3,0,0,1993-02-09,1993,2
30,92031,50,0,0,0,2,15,16,17,0,0,0,1993-02-14,1993,2
31,92032,48,0,0,0,9,19,18,1,1,0,0,1993-02-14,1993,2
32,92033,54,0,0,0,7,25,20,2,0,0,0,1993-02-14,1993,2
33,92034,48,0,0,1,13,15,13,4,2,0,0,1993-02-14,1993,2
34,92035,61,0,0,0,7,14,30,10,0,0,0,1993-02-14,1993,2
35,92036,50,0,0,0,4,10,31,5,0,0,0,1993-02-19,1993,2
36,92037,50,0,0,1,4,21,18,5,1,0,0,1993-02-19,1993,2
37,92038,53,0,0,0,2,11,30,9,1,0,0,1993-02-19,1993,2
38,92039,50,0,0,0,7,21,15,5,2,0,0,1993-02-19,1993,2
39,92040,78,0,0,0,1,18,26,30,3,0,0,1993-02-19,1993,2
40,93001,54,0,0,0,2,8,29,13,2,0,0,1994-01-11,1994,1
41,93002,50,0,0,0,1,21,23,5,0,0,0,1994-01-11,1994,1
42,93003,62,0,0,3,11,29,12,5,2,0,0,1994-01-11,1994,1
43,93004,54,0,0,0,5,24,25,0,0,0,0,1994-01-11,1994,1
44,93005,65,0,0,0,4,29,30,2,0,0,0,1994-01-11,1994,1
45,93006,54,0,0,2,7,24,18,3,0,0,0,1994-01-16,1994,1
46,93007,50,0,0,0,1,6,27,12,4,0,0,1994-01-16,1994,1
47,93008,53,0,0,1,6,28,18,0,0,0,0,1994-01-16,1994,1
48,93009,50,0,0,1,2,24,20,1,2,0,0,1994-01-16,1994,1
49,93010,58,0,0,0,1,10,32,14,1,0,0,1994-01-16,1994,1
50,93011,58,0,0,0,2,15,29,11,1,0,0,1994-01-21,1994,1
51,93012,63,0,0,0,3,17,28,13,2,0,0,1994-01-21,1994,1
52,93013,51,0,0,0,1,11,26,12,1,0,0,1994-01-21,1994,1
53,93014,51,0,0,1,2,15,23,8,2,0,0,1994-01-21,1994,1
54,93015,55,0,0,0,1,14,28,11,1,0,0,1994-01-21,1994,1
55,93016,58,0,0,0,3,27,19,9,0,0,0,1994-01-26,1994,1
56,93017,55,0,0,0,0,8,26,20,1,0,0,1994-01-26,1994,1
57,93018,51,0,0,0,0,17,32,2,0,0,0,1994-01-26,1994,1
58,93019,59,0,0,0,0,14,36,9,0,0,0,1994-01-26,1994,1
59,93020,50,0,0,0,3,30,16,1,0,0,0,1994-01-26,1994,1
60,93021,50,0,0,0,0,10,29,11,0,0,0,1994-02-01,1994,2
61,93022,74,0,0,0,1,12,35,25,1,0,0,1994-02-01,1994,2
62,93023,50,0,0,0,0,19,23,8,0,0,0,1994-02-01,1994,2
63,93024,62,0,0,0,0,5,22,26,9,0,0,1994-02-01,1994,2
64,93025,51,0,0,0,2,9,29,7,4,0,0,1994-02-01,1994,2
65,93026,65,0,0,0,0,8,39,14,4,0,0,1994-02-07,1994,2
66,93027,73,0,0,0,1,24,34,12,2,0,0,1994-02-07,1994,2
67,93028,50,0,0,0,1,1,30,15,3,0,0,1994-02-07,1994,2
68,93029,50,0,0,0,2,12,25,11,0,0,0,1994-02-07,1994,2
69,93030,61,0,0,0,0,6,22,19,14,0,0,1994-02-07,1994,2
70,93031,51,0,0,0,1,8,26,15,1,0,0,1994-02-13,1994,2
71,93032,50,0,0,0,2,10,23,11,4,0,0,1994-02-13,1994,2
72,93033,50,0,0,0,0,9,21,20,0,0,0,1994-02-13,1994,2
73,93034,51,0,0,0,1,7,19,20,4,0,0,1994-02-13,1994,2
74,93035,52,0,0,0,0,10,22,18,2,0,0,1994-02-13,1994,2
75,93036,63,0,0,0,3,21,28,7,4,0,0,1994-02-18,1994,2
76,93037,50,0,0,0,2,13,21,13,1,0,0,1994-02-18,1994,2
77,93038,50,0,0,0,2,9,13,15,11,0,0,1994-02-18,1994,2
78,93039,52,0,0,0,0,3,30,15,4,0,0,1994-02-18,1994,2
79,93040,53,0,0,0,0,15,25,11,2,0,0,1994-02-18,1994,2
80,94001,59,0,0,0,0,7,35,17,0,0,0,1995-01-11,1995,1
81,94002,6,0,0,0,0,2,4,0,0,0,0,1995-01-11,1995,1
82,94003,26,0,0,0,1,4,17,4,0,0,0,1995-01-11,1995,1
83,94004,59,0,0,0,3,18,29,9,0,0,0,1995-01-11,1995,1
84,94005,50,0,0,3,11,24,12,0,0,0,0,1995-01-11,1995,1
85,94006,51,0,0,4,9,21,13,4,0,0,0,1995-01-17,1995,1
86,94007,13,0,0,0,1,5,7,0,0,0,0,1995-01-17,1995,1
87,94008,57,0,0,4,2,14,27,10,0,0,0,1995-01-17,1995,1
88,94009,28,0,0,0,0,0,11,17,0,0,0,1995-01-17,1995,1
89,94010,71,0,1,1,2,17,27,22,1,0,0,1995-01-17,1995,1
90,94011,27,0,0,0,0,3,9,15,0,0,0,1995-01-22,1995,1
91,94012,59,0,0,0,1,8,33,16,1,0,0,1995-01-22,1995,1
92,94013,52,0,0,0,3,9,26,13,1,0,0,1995-01-22,1995,1
93,94014,52,0,0,0,0,8,24,17,3,0,0,1995-01-22,1995,1
94,94015,51,0,0,0,4,12,17,18,0,0,0,1995-01-22,1995,1
95,94016,49,0,0,0,0,2,14,31,2,0,0,1995-01-27,1995,1
96,94017,55,0,0,0,1,3,24,22,5,0,0,1995-01-27,1995,1
97,94018,65,0,0,0,0,2,29,30,4,0,0,1995-01-27,1995,1
98,94019,67,0,0,1,0,3,17,38,8,0,0,1995-01-27,1995,1
99,94020,50,0,0,0,2,12,19,14,3,0,0,1995-01-27,1995,1
100,94021,54,0,0,0,0,0,9,36,8,1,0,1995-02-02,1995,2
101,94022,51,0,0,0,1,5,22,19,3,1,0,1995-02-02,1995,2
102,94023,52,0,0,0,0,1,5,35,11,0,0,1995-02-02,1995,2
103,94024,53,0,0,0,1,1,15,32,4,0,0,1995-02-02,1995,2
104,94025,52,0,0,0,2,2,29,11,8,0,0,1995-02-02,1995,2
105,94026,55,0,0,1,6,7,16,22,3,0,0,1995-02-06,1995,2
106,94027,57,0,0,0,0,4,20,30,3,0,0,1995-02-06,1995,2
107,94028,50,0,0,0,2,2,10,28,8,0,0,1995-02-06,1995,2
108,94029,24,0,0,0,0,4,13,6,1,0,0,1995-02-06,1995,2
109,94030,52,0,0,1,1,2,20,25,3,0,0,1995-02-06,1995,2
110,94031,51,0,0,0,0,1,17,23,10,0,0,1995-02-13,1995,2
111,94032,48,0,0,0,0,1,10,24,11,2,0,1995-02-13,1995,2
112,94033,41,1,0,0,0,2,14,21,3,0,0,1995-02-13,1995,2
113,94034,58,0,0,0,0,3,18,24,12,1,0,1995-02-13,1995,2
114,94035,62,0,0,0,3,2,18,31,8,0,0,1995-02-13,1995,2
115,94036,56,0,0,0,1,4,24,23,4,0,0,1995-02-18,1995,2
116,94037,50,0,0,0,1,6,20,22,1,0,0,1995-02-18,1995,2
117,94038,52,0,0,1,8,6,12,20,5,0,0,1995-02-18,1995,2
118,94039,51,0,0,0,1,4,18,25,3,0,0,1995-02-18,1995,2
119,94040,49,0,0,0,2,6,23,14,4,0,0,1995-02-18,1995,2
120,95001,50,0,0,0,1,1,10,27,11,0,0,1996-01-11,1996,1
121,95002,74,0,0,0,0,0,4,47,22,1,0,1996-01-11,1996,1
122,95003,62,0,0,0,0,0,12,35,15,0,0,1996-01-11,1996,1
123,95004,58,0,0,0,0,3,10,24,21,0,0,1996-01-11,1996,1
124,95005,70,5,12,6,1,0,1,20,25,0,0,1996-01-11,1996,1
125,95006,50,0,0,9,0,0,3,20,15,3,0,1996-01-16,1996,1
126,95007,56,0,5,17,12,3,17,2,0,0,0,1996-01-16,1996,1
127,95008,54,0,0,0,0,0,1,15,27,11,0,1996-01-16,1996,1
128,95009,51,1,3,5,2,3,10,25,2,0,0,1996-01-16,1996,1
129,95010,55,0,1,0,2,6,6,23,17,0,0,1996-01-16,1996,1
130,95011,56,0,0,4,28,3,11,8,2,0,0,1996-01-22,1996,1
131,95012,50,0,0,9,25,8,2,2,4,0,0,1996-01-22,1996,1
132,95013,52,1,0,3,11,7,13,11,5,1,0,1996-01-22,1996,1
133,95014,81,3,4,0,0,0,7,38,27,2,0,1996-01-22,1996,1
134,95015,76,2,2,3,11,2,7,28,20,1,0,1996-01-22,1996,1
135,95016,52,0,0,4,27,11,5,5,0,0,0,1996-01-27,1996,1
136,95017,69,21,9,0,0,0,6,19,14,0,0,1996-01-27,1996,1
137,95018,50,0,1,6,16,6,7,10,4,0,0,1996-01-27,1996,1
138,95019,47,0,0,0,0,3,25,17,2,0,0,1996-01-27,1996,1
139,95020,52,0,0,1,1,2,29,15,4,0,0,1996-01-27,1996,1
140,95021,31,0,0,0,0,1,8,12,10,0,0,1996-02-01,1996,2
141,95022,67,2,8,1,1,2,8,24,21,0,0,1996-02-01,1996,2
142,95023,51,0,0,0,0,1,13,23,13,1,0,1996-02-01,1996,2
143,95024,53,0,2,5,6,6,13,18,3,0,0,1996-02-01,1996,2
144,95025,57,0,0,0,3,0,5,32,17,0,0,1996-02-01,1996,2
145,95026,51,0,0,1,5,4,1,21,18,1,0,1996-02-06,1996,2
146,95027,55,0,0,2,13,15,4,19,2,0,0,1996-02-06,1996,2
147,95028,69,0,0,0,1,4,7,22,25,10,0,1996-02-06,1996,2
148,95029,53,0,2,2,20,22,3,2,2,0,0,1996-02-06,1996,2
149,95030,53,0,0,1,20,20,3,5,4,0,0,1996-02-06,1996,2
150,95031,57,0,0,1,10,21,8,7,9,1,0,1996-02-11,1996,2
151,95032,67,0,0,0,19,21,8,14,5,0,0,1996-02-11,1996,2
152,95033,50,0,1,3,20,19,4,2,1,0,0,1996-02-11,1996,2
153,95034,47,0,0,0,0,0,4,18,16,9,0,1996-02-11,1996,2
154,95035,52,0,2,6,13,19,6,4,2,0,0,1996-02-11,1996,2
155,95036,52,0,0,0,14,21,4,6,7,0,0,1996-02-17,1996,2
156,95037,6,0,0,0,0,1,1,2,2,0,0,1996-02-17,1996,2
157,95038,73,5,0,7,17,9,4,13,15,3,0,1996-02-17,1996,2
158,95039,53,0,0,4,10,17,3,11,5,3,0,1996-02-17,1996,2
159,95040,77,0,0,0,4,16,8,28,19,2,0,1996-02-17,1996,2
160,96001,56,0,4,24,23,4,1,0,0,0,0,1997-01-06,1997,1
161,96002,79,0,2,13,45,18,1,0,0,0,0,1997-01-06,1997,1
162,96003,65,2,3,19,20,17,4,0,0,0,0,1997-01-06,1997,1
163,96004,68,1,0,8,38,18,3,0,0,0,0,1997-01-06,1997,1
164,96005,58,0,8,21,24,4,1,0,0,0,0,1997-01-06,1997,1
165,96006,98,0,1,11,46,31,8,1,0,0,0,1997-01-11,1997,1
166,96007,82,0,7,8,34,13,12,4,4,0,0,1997-01-11,1997,1
167,96008,54,1,2,11,28,10,2,0,0,0,0,1997-01-11,1997,1
168,96009,87,0,3,13,32,17,10,7,4,1,0,1997-01-11,1997,1
169,96010,57,0,1,11,37,8,0,0,0,0,0,1997-01-11,1997,1
170,96011,62,0,0,2,36,21,3,0,0,0,0,1997-01-16,1997,1
171,96012,63,0,1,6,30,24,2,0,0,0,0,1997-01-16,1997,1
172,96013,50,0,0,4,33,10,3,0,0,0,0,1997-01-16,1997,1
173,96014,54,0,2,4,14,21,12,1,0,0,0,1997-01-16,1997,1
174,96015,87,0,0,3,29,41,12,2,0,0,0,1997-01-16,1997,1
175,96016,56,0,0,4,26,23,3,0,0,0,0,1997-01-21,1997,1
176,96017,73,0,1,18,43,11,0,0,0,0,0,1997-01-21,1997,1
177,96018,63,0,5,11,35,11,0,1,0,0,0,1997-01-21,1997,1
178,96019,76,0,5,11,41,14,4,1,0,0,0,1997-01-21,1997,1
179,96020,120,0,8,8,47,31,18,8,0,0,0,1997-01-21,1997,1
180,96021,57,0,3,3,18,14,18,1,0,0,0,1997-01-26,1997,1
181,96022,63,0,5,13,21,18,6,0,0,0,0,1997-01-26,1997,1
182,96023,88,0,8,22,38,14,2,3,1,0,0,1997-01-26,1997,1
183,96024,50,1,14,5,10,12,5,2,1,0,0,1997-01-26,1997,1
184,96025,86,0,9,19,30,23,4,1,0,0,0,1997-01-26,1997,1
185,96026,66,0,8,3,37,12,6,0,0,0,0,1997-01-31,1997,1
186,96027,73,0,6,1,24,22,16,4,0,0,0,1997-01-31,1997,1
187,96028,106,0,1,10,40,42,10,3,0,0,0,1997-01-31,1997,1
188,96029,110,1,6,12,55,22,10,4,0,0,0,1997-01-31,1997,1
189,96030,70,0,0,4,36,21,9,0,0,0,0,1997-01-31,1997,1
190,96031,76,0,5,11,37,19,4,0,0,0,0,1997-02-05,1997,2
191,96032,57,0,0,3,2,16,24,10,1,1,0,1997-02-05,1997,2
192,96033,52,0,4,4,33,3,7,1,0,0,0,1997-02-05,1997,2
193,96034,55,0,0,1,15,12,17,10,0,0,0,1997-02-05,1997,2
194,96035,71,0,0,1,4,21,18,20,7,0,0,1997-02-05,1997,2
195,96036,60,0,0,0,13,24,20,3,0,0,0,1997-02-10,1997,2
196,96037,56,2,6,8,28,11,0,1,0,0,0,1997-02-10,1997,2
197,96038,80,0,2,6,28,27,15,2,0,0,0,1997-02-10,1997,2
198,96039,102,0,3,10,28,38,18,5,0,0,0,1997-02-10,1997,2
199,96040,73,0,0,5,32,25,7,4,0,0,0,1997-02-10,1997,2
200,96041,78,0,0,8,34,27,6,2,1,0,0,1997-02-15,1997,2
201,96042,65,0,0,1,14,21,22,7,0,0,0,1997-02-15,1997,2
202,96043,55,0,0,6,31,12,6,0,0,0,0,1997-02-15,1997,2
203,96044,83,0,0,2,28,35,15,3,0,0,0,1997-02-15,1997,2
204,96045,78,0,1,4,33,20,16,4,0,0,0,1997-02-15,1997,2
205,97001,111,0,0,13,42,38,8,9,1,0,0,1998-01-06,1998,1
206,97002,64,0,0,1,17,31,15,0,0,0,0,1998-01-06,1998,1
207,97003,62,0,0,10,23,26,3,0,0,0,0,1998-01-06,1998,1
208,97004,53,0,0,8,23,22,0,0,0,0,0,1998-01-06,1998,1
209,97005,79,0,0,34,39,6,0,0,0,0,0,1998-01-06,1998,1
210,97006,91,0,0,5,43,29,12,2,0,0,0,1998-01-11,1998,1
211,97007,53,0,1,11,16,16,8,1,0,0,0,1998-01-11,1998,1
212,97008,60,1,0,9,21,24,5,0,0,0,0,1998-01-11,1998,1
213,97009,53,0,0,8,19,18,7,1,0,0,0,1998-01-11,1998,1
214,97010,68,0,0,7,35,21,5,0,0,0,0,1998-01-11,1998,1
215,97011,78,0,2,11,47,16,1,1,0,0,0,1998-01-16,1998,1
216,97012,63,0,0,2,21,34,6,0,0,0,0,1998-01-16,1998,1
217,97013,50,0,0,5,34,10,1,0,0,0,0,1998-01-16,1998,1
218,97014,60,0,0,1,12,38,8,1,0,0,0,1998-01-16,1998,1
219,97015,83,0,1,2,40,32,8,0,0,0,0,1998-01-16,1998,1
220,97016,83,0,0,7,17,36,21,2,0,0,0,1998-01-21,1998,1
221,97017,103,0,2,1,33,51,13,3,0,0,0,1998-01-21,1998,1
222,97018,103,0,0,2,29,54,13,4,1,0,0,1998-01-21,1998,1
223,97019,72,0,0,0,16,50,6,0,0,0,0,1998-01-21,1998,1
224,97020,53,0,0,0,20,20,13,0,0,0,0,1998-01-21,1998,1
225,97021,52,0,0,1,10,24,17,0,0,0,0,1998-01-26,1998,1
226,97022,82,0,2,5,51,24,0,0,0,0,0,1998-01-26,1998,1
227,97023,62,0,0,3,31,27,1,0,0,0,0,1998-01-26,1998,1
228,97024,51,0,0,0,29,20,2,0,0,0,0,1998-01-26,1998,1
229,97025,51,0,0,2,31,18,0,0,0,0,0,1998-01-26,1998,1
230,97026,54,0,0,1,4,28,19,2,0,0,0,1998-01-31,1998,1
231,97027,83,0,0,1,18,46,17,1,0,0,0,1998-01-31,1998,1
232,97028,55,0,0,1,13,29,11,1,0,0,0,1998-01-31,1998,1
233,97029,73,0,0,1,13,32,20,7,0,0,0,1998-01-31,1998,1
234,97030,92,0,1,1,24,48,16,2,0,0,0,1998-01-31,1998,1
235,97031,75,0,0,1,16,39,18,1,0,0,0,1998-02-05,1998,2
236,97032,97,0,0,0,4,61,28,3,1,0,0,1998-02-05,1998,2
237,97033,79,0,0,1,18,33,21,6,0,0,0,1998-02-05,1998,2
238,97034,88,0,0,0,24,48,14,2,0,0,0,1998-02-05,1998,2
239,97035,88,0,2,4,24,42,12,2,2,0,0,1998-02-05,1998,2
240,97036,76,0,0,0,1,25,43,7,0,0,0,1998-02-10,1998,2
241,97037,54,0,1,0,15,29,9,0,0,0,0,1998-02-10,1998,2
242,97038,12,0,0,1,1,7,3,0,0,0,0,1998-02-10,1998,2
243,97039,67,0,0,0,7,30,29,1,0,0,0,1998-02-10,1998,2
244,97040,74,0,0,2,11,32,18,9,2,0,0,1998-02-10,1998,2
245,97041,75,0,2,1,15,37,17,3,0,0,0,1998-02-15,1998,2
246,97042,93,0,0,1,19,43,25,5,0,0,0,1998-02-15,1998,2
247,97043,68,0,0,4,16,30,16,2,0,0,0,1998-02-15,1998,2
248,97044,82,0,1,2,10,39,24,6,0,0,0,1998-02-15,1998,2
249,97045,55,0,0,0,7,30,18,0,0,0,0,1998-02-15,1998,2
250,97046,101,0,0,0,8,41,42,9,1,0,0,1998-02-20,1998,2
251,97047,81,0,0,1,28,27,23,2,0,0,0,1998-02-20,1998,2
252,97048,67,0,0,0,13,28,22,4,0,0,0,1998-02-20,1998,2
253,97049,110,0,0,2,16,43,41,8,0,0,0,1998-02-20,1998,2
254,97050,80,0,1,0,13,32,31,3,0,0,0,1998-02-20,1998,2
255,98001,53,1,0,1,15,23,10,2,1,0,0,1999-01-06,1999,1
256,98002,63,0,0,2,20,26,12,3,0,0,0,1999-01-06,1999,1
257,98003,47,0,1,0,15,23,8,0,0,0,0,1999-01-06,1999,1
258,98004,84,0,0,1,10,25,37,9,2,0,0,1999-01-06,1999,1
259,98005,47,0,0,0,11,25,10,1,0,0,0,1999-01-06,1999,1
260,98006,50,0,0,0,10,23,17,0,0,0,0,1999-01-11,1999,1
261,98007,86,0,0,4,24,40,17,1,0,0,0,1999-01-11,1999,1
262,98008,86,0,0,3,16,36,21,10,0,0,0,1999-01-11,1999,1
263,98009,50,0,0,0,9,31,8,2,0,0,0,1999-01-11,1999,1
264,98010,64,0,0,0,2,25,31,5,1,0,0,1999-01-11,1999,1
265,98011,72,0,0,1,13,32,20,6,0,0,0,1999-01-16,1999,1
266,98012,46,0,0,0,9,14,21,2,0,0,0,1999-01-16,1999,1
267,98013,47,0,0,3,7,20,16,1,0,0,0,1999-01-16,1999,1
268,98014,82,0,0,0,2,22,36,19,3,0,0,1999-01-16,1999,1
269,98015,81,0,0,1,18,27,31,4,0,0,0,1999-01-16,1999,1
270,98016,37,0,0,0,6,11,18,2,0,0,0,1999-01-21,1999,1
271,98017,53,0,0,0,2,19,26,6,0,0,0,1999-01-21,1999,1
272,98018,64,0,0,1,17,30,14,2,0,0,0,1999-01-21,1999,1
273,98019,52,0,0,0,3,20,21,7,1,0,0,1999-01-21,1999,1
274,98020,52,0,0,0,4,22,21,3,2,0,0,1999-01-21,1999,1
275,98021,74,0,0,1,5,24,38,6,0,0,0,1999-01-26,1999,1
276,98022,58,0,0,0,3,21,28,5,1,0,0,1999-01-26,1999,1
277,98023,62,0,0,1,5,21,30,5,0,0,0,1999-01-26,1999,1
278,98024,50,0,0,0,2,27,20,1,0,0,0,1999-01-26,1999,1
279,98025,50,0,0,1,3,19,25,2,0,0,0,1999-01-26,1999,1
280,98026,54,0,0,0,2,7,31,14,0,0,0,1999-02-01,1999,2
281,98027,65,0,0,0,4,24,32,5,0,0,0,1999-02-01,1999,2
282,98028,83,0,0,1,5,42,30,5,0,0,0,1999-02-01,1999,2
283,98029,72,0,0,0,6,18,38,10,0,0,0,1999-02-01,1999,2
284,98030,64,0,0,0,0,15,38,11,0,0,0,1999-02-01,1999,2
285,98031,50,0,0,0,1,16,25,6,2,0,0,1999-02-05,1999,2
286,98032,78,0,0,0,3,28,34,13,0,0,0,1999-02-05,1999,2
287,98033,86,0,0,0,6,37,32,11,0,0,0,1999-02-05,1999,2
288,98034,83,0,0,0,0,11,49,22,1,0,0,1999-02-05,1999,2
289,98035,59,0,0,0,2,21,25,8,3,0,0,1999-02-05,1999,2
290,98036,87,0,0,0,0,13,42,30,2,0,0,1999-02-11,1999,2
291,98037,50,0,0,0,0,11,22,17,0,0,0,1999-02-11,1999,2
292,98038,74,0,0,0,4,14,36,19,1,0,0,1999-02-11,1999,2
293,98039,50,0,0,0,0,7,23,19,1,0,0,1999-02-11,1999,2
294,98040,50,0,0,0,0,17,19,14,0,0,0,1999-02-11,1999,2
295,98041,52,0,0,0,0,11,28,11,2,0,0,1999-02-16,1999,2
296,98042,55,0,0,0,0,15,27,13,0,0,0,1999-02-16,1999,2
297,98043,72,0,0,0,0,17,33,22,0,0,0,1999-02-16,1999,2
298,98044,51,0,0,0,1,11,21,17,1,0,0,1999-02-16,1999,2
299,98045,69,0,0,0,0,8,28,33,0,0,0,1999-02-16,1999,2
300,99001,50,0,0,0,0,5,16,27,2,0,0,2000-01-09,2000,1
301,99002,29,0,0,0,0,1,8,17,2,1,0,2000-01-09,2000,1
302,99003,86,0,0,0,1,13,27,36,9,0,0,2000-01-09,2000,1
303,99004,60,0,0,0,3,5,26,26,0,0,0,2000-01-09,2000,1
304,99005,53,0,0,1,2,6,16,22,6,0,0,2000-01-09,2000,1
305,99006,6,0,0,0,0,0,2,4,0,0,0,2000-01-13,2000,1
306,99007,63,0,0,0,0,3,17,28,13,2,0,2000-01-13,2000,1
307,99008,50,0,0,0,1,8,24,15,2,0,0,2000-01-13,2000,1
308,99009,50,0,1,2,1,2,16,20,8,0,0,2000-01-13,2000,1
309,99010,84,0,1,2,1,2,10,44,22,2,0,2000-01-13,2000,1
310,99011,46,0,0,0,1,0,4,15,19,7,0,2000-01-18,2000,1
311,99012,71,0,0,0,0,1,18,30,18,4,0,2000-01-18,2000,1
312,99013,79,0,0,1,1,2,12,43,19,1,0,2000-01-18,2000,1
313,99014,82,0,0,11,9,7,23,21,10,1,0,2000-01-18,2000,1
314,99015,71,0,0,0,1,0,0,35,30,5,0,2000-01-18,2000,1
315,99016,76,0,0,0,0,2,22,41,11,0,0,2000-01-25,2000,1
316,99017,76,0,0,1,1,3,33,31,7,0,0,2000-01-25,2000,1
317,99018,60,0,0,3,2,2,12,25,15,1,0,2000-01-25,2000,1
318,99019,39,0,0,0,1,5,13,19,1,0,0,2000-01-25,2000,1
319,99020,39,0,0,0,1,0,14,18,6,0,0,2000-01-25,2000,1
320,99021,93,0,0,4,6,12,51,17,3,0,0,2000-01-29,2000,1
321,99022,88,0,0,1,4,11,53,18,1,0,0,2000-01-29,2000,1
322,99023,72,0,1,1,3,3,15,37,11,1,0,2000-01-29,2000,1
323,99024,50,0,0,1,1,1,20,19,8,0,0,2000-01-29,2000,1
324,99025,58,0,0,0,1,1,8,33,15,0,0,2000-01-29,2000,1
325,99026,53,0,0,0,4,3,11,19,15,1,0,2000-02-04,2000,2
326,99027,80,0,0,0,2,9,33,35,1,0,0,2000-02-04,2000,2
327,99028,93,0,0,0,1,5,9,46,30,2,0,2000-02-04,2000,2
328,99029,50,0,0,0,0,5,14,26,5,0,0,2000-02-04,2000,2
329,99030,57,0,0,0,0,1,10,29,17,0,0,2000-02-04,2000,2
330,99031,50,0,0,0,0,8,24,14,4,0,0,2000-02-07,2000,2
331,99032,51,0,0,1,0,1,25,22,2,0,0,2000-02-07,2000,2
332,99033,100,0,1,1,3,7,29,44,14,1,0,2000-02-07,2000,2
333,99034,50,0,0,0,1,4,23,16,6,0,0,2000-02-07,2000,2
334,99035,86,0,0,1,10,4,23,31,17,0,0,2000-02-07,2000,2
335,99036,75,0,0,1,2,12,29,22,9,0,0,2000-02-11,2000,2
336,99037,32,0,0,0,3,2,12,12,3,0,0,2000-02-11,2000,2
337,99038,48,0,0,0,1,4,14,22,7,0,0,2000-02-11,2000,2
338,99039,38,0,0,0,0,5,12,11,10,0,0,2000-02-11,2000,2
339,99040,50,0,0,0,0,7,22,17,2,2,0,2000-02-11,2000,2
340,1,50,2,22,5,3,1,1,8,7,1,0,2000-12-27,2000,12
341,2,33,0,0,0,0,1,1,12,17,2,0,2000-12-27,2000,12
342,3,50,1,10,3,3,0,3,14,14,2,0,2000-12-27,2000,12
343,4,37,0,2,1,1,0,6,15,12,0,0,2000-12-27,2000,12
344,5,54,3,11,2,2,0,4,13,17,2,0,2000-12-27,2000,12
345,6,58,0,1,7,21,5,0,11,11,2,0,2001-01-09,2001,1
346,7,76,0,2,7,12,1,7,30,13,4,0,2001-01-09,2001,1
347,8,51,0,1,8,15,4,2,6,13,2,0,2001-01-09,2001,1
348,9,51,0,0,7,14,3,2,9,12,3,1,2001-01-09,2001,1
349,10,52,1,0,9,9,3,3,8,12,7,0,2001-01-09,2001,1
350,11,50,0,0,0,0,0,2,17,22,9,0,2001-01-12,2001,1
351,12,14,0,0,0,0,0,2,8,4,0,0,2001-01-12,2001,1
352,13,74,0,0,0,0,0,3,28,38,5,0,2001-01-12,2001,1
353,14,51,0,0,10,9,4,1,12,11,4,0,2001-01-12,2001,1
354,15,51,0,0,0,0,0,0,18,25,7,1,2001-01-12,2001,1
355,16,53,0,0,0,0,1,1,21,24,6,0,2001-01-18,2001,1
356,17,52,0,0,1,8,3,7,14,17,2,0,2001-01-18,2001,1
357,18,61,0,0,1,3,4,4,20,23,6,0,2001-01-18,2001,1
358,19,54,0,0,1,13,6,1,8,14,10,1,2001-01-18,2001,1
359,20,56,0,0,3,10,9,2,15,16,1,0,2001-01-18,2001,1
360,21,80,0,0,5,40,5,4,8,13,4,1,2001-01-24,2001,1
361,22,52,0,0,0,0,1,7,11,24,8,1,2001-01-24,2001,1
362,23,51,0,0,0,0,3,2,18,23,5,0,2001-01-24,2001,1
363,24,82,0,0,0,0,0,7,20,47,8,0,2001-01-24,2001,1
364,25,74,0,0,0,1,0,2,29,30,12,0,2001-01-24,2001,1
365,26,51,0,0,0,0,0,2,20,24,5,0,2001-01-30,2001,1
366,27,33,1,5,1,1,0,0,11,12,2,0,2001-01-30,2001,1
367,28,52,0,0,0,0,0,1,15,21,15,0,2001-01-30,2001,1
368,29,11,0,0,0,0,0,0,2,6,3,0,2001-01-30,2001,1
369,30,45,0,0,0,1,0,6,14,20,4,0,2001-01-30,2001,1
370,31,9,0,1,1,0,0,0,0,7,0,0,2001-02-03,2001,2
371,32,50,1,5,0,0,3,4,21,16,0,0,2001-02-03,2001,2
372,33,26,0,0,0,1,1,1,6,17,0,0,2001-02-03,2001,2
373,34,22,0,0,0,0,0,1,14,7,0,0,2001-02-03,2001,2
374,35,47,0,2,7,10,1,6,15,6,0,0,2001-02-03,2001,2
375,36,52,0,0,0,7,6,1,11,25,2,0,2001-02-10,2001,2
376,37,50,0,0,0,2,4,0,23,14,7,0,2001-02-10,2001,2
377,38,69,0,0,0,3,3,2,22,36,2,1,2001-02-10,2001,2
378,39,86,0,1,4,19,47,14,0,0,1,0,2001-02-10,2001,2
379,40,38,0,0,0,1,0,1,15,15,6,0,2001-02-10,2001,2
380,41,107,0,0,0,9,11,13,31,33,10,0,2001-02-15,2001,2
381,42,53,0,0,0,4,1,0,15,25,7,1,2001-02-15,2001,2
382,43,63,0,0,0,1,0,3,25,27,7,0,2001-02-15,2001,2
383,44,50,0,0,0,0,0,1,23,21,5,0,2001-02-15,2001,2
384,45,55,0,0,0,3,6,5,18,18,5,0,2001-02-15,2001,2
385,1001,12,0,4,3,0,1,4,0,0,0,0,2001-12-05,2001,12
386,1002,50,20,15,2,2,2,0,0,5,4,0,2001-12-05,2001,12
387,1003,0,0,0,0,0,0,0,0,0,0,0,2001-12-05,2001,12
388,1004,3,0,0,1,0,1,1,0,0,0,0,2001-12-05,2001,12
389,1005,51,0,0,1,4,18,16,9,3,0,0,2001-12-28,2001,12
390,1006,46,0,0,0,1,9,10,11,14,1,0,2001-12-28,2001,12
391,1007,47,0,3,3,1,12,14,6,7,1,0,2001-12-28,2001,12
392,1008,4,0,0,0,0,0,1,1,2,0,0,2001-12-28,2001,12
393,1009,40,0,0,0,0,5,22,10,3,0,0,2001-12-28,2001,12
394,1010,0,0,0,0,0,0,0,0,0,0,0,2002-01-07,2002,1
395,1011,29,0,0,1,2,17,5,2,2,0,0,2002-01-07,2002,1
396,1012,50,0,2,6,16,15,11,0,0,0,0,2002-01-07,2002,1
397,1013,55,1,4,14,4,22,3,3,4,0,0,2002-01-07,2002,1
398,1014,20,0,0,1,5,10,4,0,0,0,0,2002-01-07,2002,1
399,1015,36,0,0,3,16,8,5,2,2,0,0,2002-01-15,2002,1
400,1016,51,0,0,0,4,26,16,3,2,0,0,2002-01-15,2002,1
401,1017,60,0,0,0,1,2,5,32,19,1,0,2002-01-15,2002,1
402,1018,50,0,0,1,5,7,16,6,8,7,0,2002-01-15,2002,1
403,1019,121,0,0,3,23,53,25,12,5,0,0,2002-01-15,2002,1
404,1020,59,0,0,1,3,4,11,22,16,2,0,2002-01-21,2002,1
405,1021,29,0,0,2,2,5,2,9,4,5,0,2002-01-21,2002,1
406,1022,50,0,0,0,1,4,5,14,22,4,0,2002-01-21,2002,1
407,1023,43,0,0,2,7,12,7,5,7,2,1,2002-01-21,2002,1
408,1024,25,0,2,3,9,7,0,0,3,1,0,2002-01-21,2002,1
409,1025,112,0,2,2,16,53,17,10,11,1,0,2002-01-31,2002,1
410,1026,45,0,0,0,0,2,7,18,14,4,0,2002-01-31,2002,1
411,1027,54,0,0,1,5,20,10,13,3,2,0,2002-01-31,2002,1
412,1028,20,0,3,1,0,4,0,4,6,2,0,2002-01-31,2002,1
413,1029,52,0,0,0,2,8,4,9,22,7,0,2002-01-31,2002,1
414,1030,7,0,0,0,1,1,1,0,4,0,0,2002-02-09,2002,2
415,1031,56,0,0,4,6,3,3,16,18,6,0,2002-02-09,2002,2
416,1032,57,0,2,2,5,11,10,17,9,1,0,2002-02-09,2002,2
417,1033,43,0,0,0,9,23,10,1,0,0,0,2002-02-09,2002,2
418,1034,60,0,1,6,24,17,7,2,3,0,0,2002-02-09,2002,2
419,1035,58,0,1,6,19,25,5,2,0,0,0,2002-02-22,2002,2
420,1036,0,0,0,0,0,0,0,0,0,0,0,2002-02-22,2002,2
421,1037,85,0,0,2,13,32,28,10,0,0,0,2002-02-22,2002,2
422,2001,50,0,2,3,26,18,1,0,0,0,0,2002-12-10,2002,12
423,2002,67,0,0,8,31,23,5,0,0,0,0,2002-12-10,2002,12
424,2003,50,1,1,7,23,16,2,0,0,0,0,2002-12-10,2002,12
425,2004,50,0,0,3,33,12,2,0,0,0,0,2002-12-10,2002,12
426,2005,57,0,1,14,30,10,2,0,0,0,0,2002-12-10,2002,12
427,2006,61,0,1,2,28,26,3,1,0,0,0,2002-12-22,2002,12
428,2007,0,0,0,0,0,0,0,0,0,0,0,2002-12-22,2002,12
429,2008,50,0,4,4,30,10,1,1,0,0,0,2002-12-22,2002,12
430,2009,50,0,0,1,24,16,5,4,0,0,0,2002-12-22,2002,12
431,2010,51,0,0,9,29,13,0,0,0,0,0,2002-12-22,2002,12
432,2011,53,0,3,4,15,22,6,1,2,0,0,2002-12-29,2002,12
433,2012,50,0,1,8,34,7,0,0,0,0,0,2002-12-29,2002,12
434,2013,29,7,2,7,13,0,0,0,0,0,0,2002-12-29,2002,12
435,2014,50,0,1,7,24,16,2,0,0,0,0,2002-12-29,2002,12
436,2015,52,0,1,14,23,11,1,2,0,0,0,2002-12-29,2002,12
437,2016,14,0,2,2,6,2,1,1,0,0,0,2003-01-05,2003,1
438,2017,51,0,0,1,28,19,3,0,0,0,0,2003-01-05,2003,1
439,2018,73,1,6,7,3,8,24,18,6,0,0,2003-01-05,2003,1
440,2019,56,0,1,8,40,7,0,0,0,0,0,2003-01-05,2003,1
441,2020,77,0,2,12,53,10,0,0,0,0,0,2003-01-05,2003,1
442,2021,79,0,1,10,48,16,4,0,0,0,0,2003-01-15,2003,1
443,2022,117,1,2,7,35,39,22,7,4,0,0,2003-01-15,2003,1
444,2023,90,0,5,14,33,25,13,0,0,0,0,2003-01-15,2003,1
445,2024,138,0,0,3,23,36,44,19,13,0,0,2003-01-15,2003,1
446,2025,79,0,3,5,25,33,11,2,0,0,0,2003-01-27,2003,1
447,2026,88,0,2,5,43,33,5,0,0,0,0,2003-01-27,2003,1
448,2027,126,0,12,29,55,25,5,0,0,0,0,2003-01-27,2003,1
449,2028,94,0,0,3,42,44,4,1,0,0,0,2003-01-27,2003,1
450,2029,51,0,0,2,31,14,3,1,0,0,0,2003-01-27,2003,1
451,2030,131,0,0,24,35,40,25,7,0,0,0,2003-02-10,2003,2
452,2031,93,0,1,1,12,30,41,8,0,0,0,2003-02-10,2003,2
453,2032,53,0,0,1,3,14,24,11,0,0,0,2003-02-10,2003,2
454,2033,75,0,0,0,3,23,30,18,1,0,0,2003-02-10,2003,2
455,3001,56,0,0,0,9,30,14,3,0,0,0,2004-01-15,2004,1
456,3002,56,0,0,1,17,24,13,1,0,0,0,2004-01-15,2004,1
457,3003,60,0,0,0,6,26,22,6,0,0,0,2004-01-15,2004,1
458,3004,54,0,0,0,21,23,9,1,0,0,0,2004-01-15,2004,1
459,3005,64,0,0,0,10,33,19,2,0,0,0,2004-01-15,2004,1
460,3006,68,0,0,0,3,33,24,6,2,0,0,2004-01-25,2004,1
461,3007,55,0,0,1,9,31,13,1,0,0,0,2004-01-25,2004,1
462,3008,62,0,0,3,26,29,4,0,0,0,0,2004-01-25,2004,1
463,3009,56,0,0,0,6,23,23,4,0,0,0,2004-01-25,2004,1
464,3010,51,0,0,0,11,28,12,0,0,0,0,2004-01-25,2004,1
465,3011,61,0,0,1,4,27,22,7,0,0,0,2004-02-05,2004,2
466,3012,29,0,0,0,8,8,9,4,0,0,0,2004-02-05,2004,2
467,3013,9,0,0,0,0,4,1,4,0,0,0,2004-02-05,2004,2
468,3014,54,0,0,1,4,21,15,10,3,0,0,2004-02-05,2004,2
469,3015,24,0,0,0,2,5,10,7,0,0,0,2004-02-05,2004,2
470,4001,50,0,0,0,0,2,23,24,1,0,0,2005-01-12,2005,1
471,4002,63,0,0,1,0,5,12,39,6,0,0,2005-01-12,2005,1
472,4003,67,0,1,0,0,7,42,17,0,0,0,2005-01-12,2005,1
473,4004,51,0,0,0,0,7,28,14,2,0,0,2005-01-12,2005,1
474,4005,51,0,0,0,0,4,25,22,0,0,0,2005-01-12,2005,1
475,4006,53,0,0,0,0,0,28,25,0,0,0,2005-01-21,2005,1
476,4007,34,0,0,1,0,1,24,7,1,0,0,2005-01-21,2005,1
477,4008,52,0,0,0,0,1,13,29,8,1,0,2005-01-21,2005,1
478,4009,51,0,0,0,1,3,33,14,0,0,0,2005-01-21,2005,1
479,4010,42,0,0,0,2,3,24,11,2,0,0,2005-01-21,2005,1
480,4011,43,0,0,1,4,5,22,11,0,0,0,2005-02-01,2005,2
481,4012,27,0,1,0,1,7,15,3,0,0,0,2005-02-01,2005,2
482,4013,59,0,0,0,0,6,34,17,2,0,0,2005-02-01,2005,2
483,4014,56,0,0,0,0,6,22,25,3,0,0,2005-02-01,2005,2
484,4015,52,0,1,0,0,2,26,21,2,0,0,2005-02-01,2005,2
485,5001,0,0,0,0,0,0,0,0,0,0,0,2005-12-27,2005,12
486,5002,6,0,0,0,0,0,0,3,3,0,0,2005-12-27,2005,12
487,5003,50,0,0,0,0,0,8,29,13,0,0,2005-12-27,2005,12
488,5004,50,0,0,0,0,1,14,30,5,0,0,2005-12-27,2005,12
489,5005,51,0,0,0,0,1,6,33,11,0,0,2005-12-27,2005,12
490,5006,50,0,0,0,0,0,5,28,17,0,0,2005-12-27,2005,12
491,5007,50,0,0,0,0,0,7,27,16,0,0,2006-01-11,2006,1
492,5008,50,0,0,0,0,0,3,14,26,7,0,2006-01-11,2006,1
493,5009,0,0,0,0,0,0,0,0,0,0,0,2006-01-11,2006,1
494,5010,75,0,4,0,3,5,10,30,20,3,0,2006-01-11,2006,1
495,5011,54,0,0,0,0,2,10,18,23,1,0,2006-01-11,2006,1
496,5012,0,0,0,0,0,0,0,0,0,0,0,2006-01-25,2006,1
497,5013,0,0,0,0,0,0,0,0,0,0,0,2006-01-25,2006,1
498,5014,73,0,0,0,0,1,9,27,31,5,0,2006-01-30,2006,1
499,5015,73,0,0,0,1,1,8,34,26,3,0,2006-01-30,2006,1
500,6001,40,0,5,9,1,4,10,10,1,0,0,2007-01-06,2007,1
501,6002,50,0,14,9,3,2,10,8,4,0,0,2007-01-06,2007,1
502,6003,50,1,12,14,4,9,10,0,0,0,0,2007-01-06,2007,1
503,6004,51,2,18,24,5,0,1,0,1,0,0,2007-01-06,2007,1
504,6005,44,0,0,0,0,6,11,19,7,1,0,2007-01-06,2007,1
505,6006,50,1,0,12,10,12,9,4,2,0,0,2007-01-13,2007,1
506,6007,50,0,4,23,4,3,10,3,3,0,0,2007-01-13,2007,1
507,6008,56,1,9,9,2,6,13,13,3,0,0,2007-01-13,2007,1
508,6009,50,0,0,3,0,4,29,13,1,0,0,2007-01-13,2007,1
509,6010,52,0,3,18,2,4,23,2,0,0,0,2007-01-13,2007,1
510,6011,50,0,0,0,2,2,11,27,6,2,0,2007-01-19,2007,1
511,6012,51,0,0,4,5,6,22,7,6,1,0,2007-01-19,2007,1
512,6013,51,0,1,8,13,6,11,11,1,0,0,2007-01-19,2007,1
513,6014,50,0,2,11,14,7,13,2,0,1,0,2007-01-19,2007,1
514,6015,52,0,0,12,13,5,13,9,0,0,0,2007-01-19,2007,1
515,6016,56,0,1,23,16,3,3,6,4,0,0,2007-01-26,2007,1
516,6017,50,0,0,1,1,1,8,20,15,4,0,2007-01-26,2007,1
517,6018,58,0,0,0,0,0,1,19,28,10,0,2007-01-26,2007,1
518,6019,52,0,2,11,7,1,6,9,16,0,0,2007-01-26,2007,1
519,6020,50,0,1,11,11,7,13,7,0,0,0,2007-01-26,2007,1
520,6021,56,0,1,26,21,2,1,1,2,2,0,2007-02-02,2007,2
521,6022,51,0,0,11,6,1,2,19,11,1,0,2007-02-02,2007,2
522,6023,51,0,0,2,21,5,7,8,5,3,0,2007-02-02,2007,2
523,6024,50,0,1,6,2,1,9,11,17,3,0,2007-02-02,2007,2
524,6025,50,0,2,5,13,7,5,9,8,1,0,2007-02-02,2007,2
525,7001,50,0,0,1,12,20,14,3,0,0,0,2008-01-04,2008,1
526,7002,50,0,0,0,3,6,20,13,7,1,0,2008-01-04,2008,1
527,7003,50,0,1,1,8,19,13,8,0,0,0,2008-01-04,2008,1
528,7004,48,0,0,0,6,20,13,7,2,0,0,2008-01-04,2008,1
529,7005,50,0,0,0,9,14,18,4,4,1,0,2008-01-04,2008,1
530,7006,52,0,0,1,18,31,1,1,0,0,0,2008-01-11,2008,1
531,7007,50,0,2,0,13,28,7,0,0,0,0,2008-01-11,2008,1
532,7008,51,0,2,4,35,4,6,0,0,0,0,2008-01-11,2008,1
533,7009,50,0,1,0,9,26,12,1,1,0,0,2008-01-11,2008,1
534,7010,53,0,1,4,25,21,1,1,0,0,0,2008-01-11,2008,1
535,7011,50,0,2,2,24,19,3,0,0,0,0,2008-01-18,2008,1
536,7012,44,0,0,0,4,6,11,15,8,0,0,2008-01-18,2008,1
537,7013,50,0,3,0,12,33,2,0,0,0,0,2008-01-18,2008,1
538,7014,51,0,1,4,22,20,4,0,0,0,0,2008-01-18,2008,1
539,7015,44,0,0,1,3,16,16,6,1,0,1,2008-01-18,2008,1
540,7016,52,0,10,10,9,12,8,3,0,0,0,2008-01-27,2008,1
541,7017,50,0,1,3,1,12,26,6,1,0,0,2008-01-27,2008,1
542,7018,50,0,2,1,8,25,9,3,2,0,0,2008-01-27,2008,1
543,7019,51,0,0,2,8,20,13,7,1,0,0,2008-01-27,2008,1
544,7020,50,0,3,0,7,20,15,2,1,2,0,2008-01-27,2008,1
545,7021,50,0,2,12,11,13,11,1,0,0,0,2008-02-02,2008,2
546,7022,50,0,2,9,6,24,8,1,0,0,0,2008-02-02,2008,2
547,7023,51,0,0,9,10,22,10,0,0,0,0,2008-02-02,2008,2
548,7024,50,0,0,1,4,19,20,6,0,0,0,2008-02-02,2008,2
549,7025,58,1,4,9,5,20,14,5,0,0,0,2008-02-02,2008,2
550,8001,50,0,0,6,20,18,4,1,1,0,0,2009-01-07,2009,1
551,8002,50,0,0,3,8,15,15,6,3,0,0,2009-01-07,2009,1
552,8003,50,0,0,2,8,24,9,5,2,0,0,2009-01-19,2009,1
553,8004,3,0,0,1,1,1,0,0,0,0,0,2009-01-19,2009,1
554,8005,50,0,0,0,5,16,6,10,12,1,0,2009-01-19,2009,1
555,8006,52,0,0,1,17,11,5,6,8,4,0,2009-01-19,2009,1
556,8007,50,0,0,7,13,19,7,1,3,0,0,2009-01-19,2009,1
557,8008,12,0,0,1,1,2,5,2,1,0,0,2009-01-26,2009,1
558,8009,10,0,0,0,1,4,3,2,0,0,0,2009-01-26,2009,1
559,8010,6,0,0,2,3,0,1,0,0,0,0,2009-01-26,2009,1
560,8011,40,2,1,5,6,9,12,5,0,0,0,2009-01-26,2009,1
561,8012,24,0,0,0,2,6,10,6,0,0,0,2009-01-26,2009,1
562,8013,34,0,0,0,7,16,6,3,2,0,0,2009-02-02,2009,2
563,8014,40,0,0,0,2,7,10,15,5,1,0,2009-02-02,2009,2
564,8015,50,0,0,0,5,14,6,14,10,1,0,2009-02-02,2009,2
565,8016,41,0,0,0,1,5,8,18,9,0,0,2009-02-02,2009,2
566,8017,49,0,0,0,2,20,11,13,3,0,0,2009-02-02,2009,2
567,9001,22,0,0,0,1,4,6,11,0,0,0,2010-01-03,2010,1
568,9002,35,0,0,0,1,3,17,14,0,0,0,2010-01-03,2010,1
569,9003,26,0,0,0,0,5,11,9,1,0,0,2010-01-03,2010,1
570,9004,72,0,3,13,18,8,10,15,5,0,0,2010-01-12,2010,1
571,9005,40,0,0,0,0,1,18,17,4,0,0,2010-01-12,2010,1
572,9006,79,0,0,2,4,9,26,35,3,0,0,2010-01-12,2010,1
573,9007,41,0,0,1,0,4,14,16,6,0,0,2010-01-12,2010,1
574,9008,88,0,5,37,24,1,8,11,2,0,0,2010-01-12,2010,1
575,9009,88,0,0,1,3,1,19,51,13,0,0,2010-01-19,2010,1
576,9010,45,0,0,0,0,0,7,28,10,0,0,2010-01-19,2010,1
577,9011,47,0,0,0,1,3,15,23,5,0,0,2010-01-19,2010,1
578,9012,56,0,0,0,0,2,12,39,3,0,0,2010-01-19,2010,1
579,9013,53,0,0,0,0,1,14,25,12,1,0,2010-01-19,2010,1
580,9014,52,0,0,0,4,0,17,23,8,0,0,2010-01-26,2010,1
581,9015,29,0,0,1,2,0,8,14,4,0,0,2010-01-26,2010,1
582,9016,37,0,1,0,1,2,10,15,8,0,0,2010-01-26,2010,1
583,9017,29,0,0,6,5,4,3,9,2,0,0,2010-01-26,2010,1
584,9018,115,0,0,3,24,12,7,40,26,3,0,2010-01-26,2010,1
585,9019,14,0,1,3,4,1,1,3,1,0,0,2010-02-04,2010,2
586,9020,75,0,0,2,9,6,28,25,5,0,0,2010-02-04,2010,2
587,9021,99,0,1,4,16,10,11,39,18,0,0,2010-02-04,2010,2
588,9022,85,0,0,0,4,4,19,44,13,1,0,2010-02-04,2010,2
589,9023,35,0,0,3,11,2,0,14,5,0,0,2010-02-04,2010,2
590,10001,24,1,9,9,0,1,4,0,0,0,0,2011-01-01,2011,1
591,10002,1,0,0,0,0,0,0,0,0,1,0,2011-01-01,2011,1
592,10003,4,0,0,0,0,0,1,2,1,0,0,2011-01-01,2011,1
593,10004,7,0,0,0,0,0,3,1,3,0,0,2011-01-01,2011,1
594,10005,54,0,0,0,0,0,5,15,22,12,0,2011-01-01,2011,1
595,10006,1,0,0,0,0,0,0,0,1,0,0,2011-01-07,2011,1
596,10007,60,0,0,0,0,0,2,13,36,9,0,2011-01-07,2011,1
597,10008,4,0,0,0,0,0,1,1,2,0,0,2011-01-07,2011,1
598,10009,82,0,5,31,26,4,2,8,5,1,0,2011-01-07,2011,1
599,10010,65,2,12,17,5,0,10,9,9,1,0,2011-01-07,2011,1
600,10011,94,0,6,52,34,1,0,1,0,0,0,2011-01-15,2011,1
601,10012,104,0,5,21,65,4,3,1,4,1,0,2011-01-15,2011,1
602,10013,49,0,0,0,0,0,5,23,15,6,0,2011-01-15,2011,1
603,10014,55,0,4,13,11,4,6,13,4,0,0,2011-01-15,2011,1
604,10015,102,0,6,17,10,0,5,31,32,1,0,2011-01-15,2011,1
605,10016,46,0,0,17,19,4,2,2,2,0,0,2011-01-21,2011,1
606,10017,33,0,0,2,5,4,1,8,12,1,0,2011-01-21,2011,1
607,10018,95,0,2,35,44,6,2,3,2,1,0,2011-01-21,2011,1
608,10019,56,0,5,25,19,3,0,4,0,0,0,2011-01-21,2011,1
609,10020,53,0,0,3,10,3,4,14,15,4,0,2011-01-21,2011,1
610,10021,95,0,0,0,1,0,3,46,41,4,0,2011-01-27,2011,1
611,10022,10,0,1,0,0,0,0,4,5,0,0,2011-01-27,2011,1
612,10023,29,0,0,0,1,1,2,12,8,5,0,2011-01-27,2011,1
613,10024,84,0,0,9,42,7,1,17,7,1,0,2011-01-27,2011,1
614,10025,29,0,0,0,0,1,3,14,11,0,0,2011-01-27,2011,1
615,11001,46,0,0,0,5,29,12,0,0,0,0,2012-01-08,2012,1
616,11002,80,0,0,1,0,26,25,13,12,3,0,2012-01-08,2012,1
617,11003,22,0,0,0,0,3,16,1,2,0,0,2012-01-08,2012,1
618,11004,70,0,1,0,6,28,28,6,1,0,0,2012-01-08,2012,1
619,11005,52,0,0,0,1,6,29,14,1,1,0,2012-01-08,2012,1
620,11006,36,0,0,2,6,15,12,1,0,0,0,2012-01-19,2012,1
621,11007,68,0,0,0,5,24,32,7,0,0,0,2012-01-19,2012,1
622,11008,61,0,2,1,8,27,22,1,0,0,0,2012-01-19,2012,1
623,11009,55,1,2,0,8,18,20,5,1,0,0,2012-01-19,2012,1
624,11010,80,25,39,4,6,3,2,1,0,0,0,2012-01-19,2012,1
625,11011,77,0,0,0,3,28,38,8,0,0,0,2012-01-26,2012,1
626,11012,96,38,41,4,0,5,8,0,0,0,0,2012-01-26,2012,1
627,11013,105,2,1,7,22,42,27,4,0,0,0,2012-01-26,2012,1
628,11014,51,0,5,3,4,19,14,4,2,0,0,2012-01-26,2012,1
629,11015,44,1,2,3,1,22,14,1,0,0,0,2012-01-26,2012,1
630,12001,93,0,1,40,41,9,2,0,0,0,0,2013-01-03,2013,1
631,12002,75,0,1,26,43,3,2,0,0,0,0,2013-01-03,2013,1
632,12003,57,0,1,11,39,5,1,0,0,0,0,2013-01-03,2013,1
633,12004,69,0,2,21,41,4,1,0,0,0,0,2013-01-03,2013,1
634,12005,0,0,0,0,0,0,0,0,0,0,0,2013-01-03,2013,1
635,12006,101,0,2,39,50,8,0,2,0,0,0,2013-01-09,2013,1
636,12007,51,0,0,23,24,1,2,1,0,0,0,2013-01-09,2013,1
637,12008,72,1,1,24,35,10,1,0,0,0,0,2013-01-09,2013,1
638,12009,66,0,0,17,30,16,3,0,0,0,0,2013-01-09,2013,1
639,12010,113,0,0,25,52,31,5,0,0,0,0,2013-01-09,2013,1
640,12011,81,0,0,14,32,30,4,1,0,0,0,2013-01-16,2013,1
641,12012,109,0,1,37,62,7,1,1,0,0,0,2013-01-16,2013,1
642,12013,73,0,1,13,40,19,0,0,0,0,0,2013-01-16,2013,1
643,12014,54,0,0,13,37,4,0,0,0,0,0,2013-01-16,2013,1
644,12015,75,0,0,9,48,15,3,0,0,0,0,2013-01-16,2013,1
645,12016,106,0,0,10,72,15,7,2,0,0,0,2013-01-23,2013,1
646,12017,50,0,2,4,35,4,2,3,0,0,0,2013-01-23,2013,1
647,12018,108,0,0,35,57,13,3,0,0,0,0,2013-01-23,2013,1
648,12019,67,0,0,25,40,2,0,0,0,0,0,2013-01-23,2013,1
649,12020,110,0,1,34,56,17,1,1,0,0,0,2013-01-23,2013,1
650,12021,99,0,0,16,57,20,5,1,0,0,0,2013-01-28,2013,1
651,12022,85,0,0,11,54,18,1,1,0,0,0,2013-01-28,2013,1
652,12023,73,0,0,18,50,5,0,0,0,0,0,2013-01-28,2013,1
653,12024,73,0,0,18,38,13,4,0,0,0,0,2013-01-28,2013,1
654,12025,99,0,0,5,46,29,15,4,0,0,0,2013-01-28,2013,1
655,13001,0,0,0,0,0,0,0,0,0,0,0,2014-01-06,2014,1
656,13002,0,0,0,0,0,0,0,0,0,0,0,2014-01-06,2014,1
657,13003,0,0,0,0,0,0,0,0,0,0,0,2014-01-06,2014,1
658,13004,5,0,0,1,1,1,2,0,0,0,0,2014-01-06,2014,1
659,13005,51,0,1,0,1,8,22,18,1,0,0,2014-01-16,2014,1
660,13006,124,1,19,13,21,36,29,5,0,0,0,2014-01-16,2014,1
661,13007,37,0,0,2,2,14,10,9,0,0,0,2014-01-16,2014,1
662,13008,49,0,1,2,4,9,23,10,0,0,0,2014-01-16,2014,1
663,13009,48,0,0,0,4,13,22,8,1,0,0,2014-01-16,2014,1
664,13010,8,0,0,0,1,2,3,2,0,0,0,2014-01-22,2014,1
665,13011,65,0,0,0,3,6,26,23,7,0,0,2014-01-22,2014,1
666,13012,75,0,0,2,4,12,28,29,0,0,0,2014-01-22,2014,1
667,13013,79,0,10,10,9,6,30,14,0,0,0,2014-01-22,2014,1
668,13014,78,1,2,4,8,12,31,19,1,0,0,2014-01-22,2014,1
669,13015,97,0,1,2,1,6,34,49,4,0,0,2014-01-27,2014,1
670,13016,42,0,0,4,6,11,13,7,1,0,0,2014-01-27,2014,1
671,13017,66,0,3,30,16,11,4,2,0,0,0,2014-01-27,2014,1
672,13018,119,0,18,19,18,25,25,13,1,0,0,2014-01-27,2014,1
673,13020,57,0,0,0,3,7,29,18,0,0,0,2014-01-27,2014,1
674,13021,89,0,2,32,16,16,17,4,2,0,0,2014-02-01,2014,2
675,13022,114,0,0,11,8,20,36,36,2,1,0,2014-02-01,2014,2
676,12023,62,0,0,0,1,7,20,25,9,0,0,2014-02-01,2014,2
677,13024,61,0,1,24,11,8,10,6,1,0,0,2014-02-01,2014,2
678,13025,112,0,2,42,27,4,16,20,1,0,0,2014-02-01,2014,2
679,14001,88,0,0,0,1,2,20,53,12,0,0,2015-01-03,2015,1
680,14002,36,2,2,1,1,14,11,2,2,1,0,2015-01-03,2015,1
681,14003,103,1,5,0,15,36,41,5,0,0,0,2015-01-03,2015,1
682,14004,100,0,1,0,3,17,28,44,6,1,0,2015-01-03,2015,1
683,14005,64,0,0,0,1,2,6,40,15,0,0,2015-01-03,2015,1
684,14006,12,0,0,1,1,2,5,3,0,0,0,2015-01-11,2015,1
685,14007,88,0,10,23,3,12,19,21,0,0,0,2015-01-11,2015,1
686,14008,27,0,0,0,0,7,7,12,1,0,0,2015-01-11,2015,1
687,14009,108,0,0,1,0,22,49,33,3,0,0,2015-01-11,2015,1
688,14010,46,0,0,0,0,4,12,25,5,0,0,2015-01-11,2015,1
689,14011,131,0,0,1,0,8,58,59,5,0,0,2015-01-18,2015,1
690,14012,94,0,1,4,0,15,40,30,4,0,0,2015-01-18,2015,1
691,14013,40,0,0,0,1,3,19,17,0,0,0,2015-01-18,2015,1
692,14014,58,0,0,2,2,5,21,23,5,0,0,2015-01-18,2015,1
693,14015,71,0,0,1,1,11,33,22,3,0,0,2015-01-18,2015,1
694,14016,36,0,0,0,0,2,16,16,2,0,0,2015-01-26,2015,1
695,14017,86,0,1,0,0,5,30,44,6,0,0,2015-01-26,2015,1
696,14018,36,0,0,0,0,1,11,23,1,0,0,2015-01-26,2015,1
697,14019,10,0,0,0,0,0,3,6,1,0,0,2015-01-26,2015,1
698,14020,34,0,0,0,4,1,10,18,1,0,0,2015-01-26,2015,1
699,14021,199,0,0,1,0,7,87,92,12,0,0,2015-02-03,2015,2
700,14022,26,0,0,1,0,0,8,14,3,0,0,2015-02-03,2015,2
701,14023,82,0,0,0,0,3,25,43,11,0,0,2015-02-03,2015,2
702,14024,40,0,0,0,0,2,9,21,8,0,0,2015-02-03,2015,2
703,14025,24,0,0,0,0,1,14,9,0,0,0,2015-02-03,2015,2
704,14025,134,0,0,3,1,4,58,60,8,0,0,2015-02-09,2015,2
705,15001,49,0,0,0,0,0,12,18,18,1,0,2016-01-06,2016,1
706,15002,33,0,0,0,0,0,2,13,15,3,0,2016-01-06,2016,1
707,15003,99,0,0,1,1,3,30,43,19,2,0,2016-01-06,2016,1
708,15004,34,0,0,0,0,0,4,13,15,2,0,2016-01-06,2016,1
709,15005,2,0,0,0,0,0,1,0,1,0,0,2016-01-06,2016,1
710,15006,35,0,0,0,0,1,13,16,5,0,0,2016-01-12,2016,1
711,15007,70,0,0,1,0,0,7,30,29,3,0,2016-01-12,2016,1
712,15008,63,0,0,0,2,0,8,29,24,0,0,2016-01-12,2016,1
713,15009,69,0,0,2,4,0,28,28,6,1,0,2016-01-12,2016,1
714,15010,75,0,2,2,1,1,12,32,18,7,0,2016-01-12,2016,1
715,15011,90,0,1,0,0,1,18,49,20,1,0,2016-01-18,2016,1
716,15012,74,0,0,0,0,2,25,34,12,1,0,2016-01-18,2016,1
717,15013,52,3,1,1,0,0,4,13,25,5,0,2016-01-18,2016,1
718,15014,116,1,8,12,5,4,37,35,12,2,0,2016-01-18,2016,1
719,15015,83,0,0,5,4,3,15,36,15,5,0,2016-01-18,2016,1
720,15016,90,0,12,19,13,5,11,23,5,2,0,2016-01-25,2016,1
721,15017,39,0,0,1,1,1,6,15,14,1,0,2016-01-25,2016,1
722,15018,39,0,0,1,0,3,10,16,9,0,0,2016-01-25,2016,1
723,15019,25,0,0,0,0,0,1,6,18,0,0,2016-01-25,2016,1
724,15020,52,0,0,0,0,0,1,10,31,10,0,2016-01-25,2016,1
725,16001,27,0,0,0,1,3,17,4,2,0,0,2017-01-05,2017,1
726,16002,53,0,0,0,0,3,12,23,15,0,0,2017-01-05,2017,1
727,16003,56,0,0,0,0,1,27,21,7,0,0,2017-01-05,2017,1
728,16004,83,4,17,29,13,8,10,2,0,0,0,2017-01-05,2017,1
729,16005,89,0,0,1,1,6,41,28,10,2,0,2017-01-05,2017,1
730,16006,82,0,0,0,0,2,10,44,23,3,0,2017-01-10,2017,1
731,16007,73,0,3,14,12,7,18,12,6,1,0,2017-01-10,2017,1
732,16008,59,0,0,0,0,2,17,28,12,0,0,2017-01-10,2017,1
733,16009,65,0,0,0,0,1,8,30,22,4,0,2017-01-10,2017,1
734,16010,92,1,0,10,10,5,28,30,7,1,0,2017-01-10,2017,1
735,16011,91,0,0,0,4,4,40,41,2,0,0,2017-01-15,2017,1
736,16012,55,0,0,0,0,2,10,20,23,0,0,2017-01-15,2017,1
737,16013,43,0,0,0,0,4,19,19,1,0,0,2017-01-15,2017,1
738,16014,25,0,0,0,0,0,1,11,13,0,0,2017-01-15,2017,1
739,16015,61,0,0,2,0,0,18,29,12,0,0,2017-01-15,2017,1
740,16016,52,0,0,0,0,0,4,23,20,5,0,2017-01-22,2017,1
741,16017,91,0,0,0,2,1,22,32,31,3,0,2017-01-22,2017,1
742,16018,57,0,0,2,3,4,16,19,9,4,0,2017-01-22,2017,1
743,16019,56,0,0,0,1,1,9,27,18,0,0,2017-01-22,2017,1
744,16020,18,0,0,0,0,0,5,4,8,1,0,2017-01-22,2017,1
745,17001,67,0,0,0,3,23,33,6,0,2,0,2018-01-03,2018,1
746,17002,52,0,0,1,6,22,19,3,1,0,0,2018-01-03,2018,1
747,17003,52,0,0,6,16,20,9,0,1,0,0,2018-01-03,2018,1
748,17004,61,3,1,7,8,29,13,0,0,0,0,2018-01-03,2018,1
749,17005,86,0,0,1,8,51,20,5,1,0,0,2018-01-03,2018,1
750,17006,69,0,3,9,4,27,14,9,3,0,0,2018-01-08,2018,1
751,17007,41,0,0,3,1,14,13,6,4,0,0,2018-01-08,2018,1
752,17008,63,0,1,0,3,31,26,2,0,0,0,2018-01-08,2018,1
753,17009,96,2,17,23,11,28,14,0,1,0,0,2018-01-08,2018,1
754,17010,82,1,25,17,4,16,16,2,1,0,0,2018-01-08,2018,1
755,17011,64,0,0,1,1,13,39,10,0,0,0,2018-01-15,2018,1
756,17012,62,0,1,2,2,20,32,3,2,0,0,2018-01-15,2018,1
757,17013,82,0,29,21,4,12,14,1,1,0,0,2018-01-15,2018,1
758,17014,97,0,12,14,6,32,26,7,0,0,0,2018-01-15,2018,1
759,17015,50,0,0,1,0,24,23,2,0,0,0,2018-01-15,2018,1
760,17016,120,0,5,14,10,38,44,5,4,0,0,2018-01-23,2018,1
761,17017,64,0,0,0,3,19,35,7,0,0,0,2018-01-23,2018,1
762,17018,56,0,1,4,8,19,22,0,2,0,0,2018-01-23,2018,1
763,17019,132,0,11,48,16,24,25,8,0,0,0,2018-01-23,2018,1
764,17020,81,0,1,5,11,22,36,6,0,0,0,2018-01-23,2018,1
765,17021,77,0,10,31,15,9,10,2,0,0,0,2018-01-29,2018,1
766,17022,42,0,0,5,6,11,13,6,1,0,0,2018-01-29,2018,1
767,17023,67,0,1,17,23,5,20,1,0,0,0,2018-01-29,2018,1
768,17024,96,0,6,20,19,24,25,2,0,0,0,2018-01-29,2018,1
769,17025,92,0,3,21,10,19,31,8,0,0,0,2018-01-29,2018,1
