studyname,col_2631,col_2632,col_2630,col_2633,col_2634,col_2635,col_2636,col_2637,col_2638,col_2639,col_2640,col_2641,col_2642
PD93-01,1993,9.353,18,600,40,-64.9333,-64.4,424.97,0,3.92,0,0,
PD93-01,1993,9.702,27,600,60,-64.8146,-64.7166,249.05,0,1.4,0,0,
PD93-01,1993,9.865,33,600,80,-64.6953,-65.0304,2.08,0,0.52,2.08,0,
PD93-01,1993,10.207,43,600,100,-64.5753,-65.3414,0.48,3.63,37.72,0.24,0.24,
PD93-01,1993,10.346,50,600,120,-64.4546,-65.6497,0.26,0,1.82,0,0,
PD93-01,1993,10.592,59,600,140,-64.3333,-65.9553,0.6,0,0.8,0,0,
PD93-01,1993,10.771,66,600,160,-64.2114,-66.2582,24.37,0,0,0,0,
PD93-01,1993,11.049,74,600,180,-64.0889,-66.5584,8.7,-999,-999,-999,-999,
PD93-01,1993,11.247,83,600,200,-63.9658,-66.856,0,39.5,1.96,8.96,17.09,
PD93-01,1993,12.498,115,600,180,-64.0889,-66.5584,5.66,0,299.91,52.78,0,
PD93-01,1993,13.063,128,500,180,-64.7356,-67.9955,24.44,0,67.89,20.37,2.26,
PD93-01,1993,13.261,136,500,160,-64.8611,-67.6949,0,0,28.96,2.94,34.17,
PD93-01,1993,13.394,140,500,140,-64.9859,-67.3914,50.71,0.28,34.74,6.44,0,
PD93-01,1993,13.601,149,500,120,-65.1102,-67.0851,0.52,0,1.56,4.41,0,
PD93-01,1993,13.882,158,500,100,-65.2338,-66.776,18.49,0,33.9,0,0,
PD93-01,1993,14.065,166,500,80,-65.3568,-66.4639,0.73,0,14.26,0,0,
PD93-01,1993,14.238,172,500,60,-65.4792,-66.1489,200.86,0,218.51,0,0,
PD93-01,1993,25.923,643,600,30,-64.9924,-64.2407,0.33,0,65.38,0,0,
PD93-01,1993,25.966,644,595,30,-65.0262,-64.3105,955.27,0,0,0,0,
PD93-01,1993,26.012,645,595,35,-64.9967,-64.3903,0.63,0,2.1,0.11,0,
PD93-01,1993,26.039,646,595,35,-64.9967,-64.3903,0.77,0,1.93,0,0,
PD93-01,1993,27.899,677,400,60,-66.1291,-67.6552,0.97,0,314.31,0.24,12.81,
PD93-01,1993,28.842,706,400,80,-66.0036,-67.9707,69.98,0,0.61,0.61,0.3,
PD93-01,1993,29.097,718,400,100,-65.8776,-68.283,9900.86,0,0,0,0,
PD93-01,1993,29.252,721,400,120,-65.7509,-68.5923,0,0,9.6,0.52,6.23,
PD93-01,1993,29.718,742,400,160,-65.4957,-69.2019,16.2,0,24.66,15.72,0,
PD93-01,1993,30.755,774,400,180,-65.3672,-69.5022,15.83,0,389.33,5.97,0,
PD93-01,1993,31.038,784,400,200,-65.2382,-69.7996,10.64,0.78,131.33,39.19,0,
PD93-01,1993,31.297,790,300,200,-65.8501,-71.3783,383.79,0,1680.85,0,0,
PD93-01,1993,31.5,803,300,180,-65.9823,-71.0822,31.66,0,875.44,6.16,0,
PD93-01,1993,31.794,812,300,160,-66.1138,-70.783,99.89,0,60.93,0,0,
PD93-01,1993,32.017,822,300,140,-66.2448,-70.4807,16.35,0,2.34,0.52,0,
PD93-01,1993,32.26,830,300,120,-66.3753,-70.1753,0,0,62.47,36.14,11.77,
PD93-01,1993,32.477,838,300,100,-66.5052,-69.8667,405.22,0,1.69,0,0,
PD93-01,1993,32.772,848,300,80,-66.6344,-69.5548,0.84,0,1.12,5.6,0,
PD93-01,1993,32.866,853,300,60,-66.7631,-69.2397,2586.83,0,172.57,0,49.3,
PD93-01,1993,33.094,863,300,40,-66.8912,-68.9213,7.3,0,456.42,4.26,365.14,
PD93-01,1993,33.708,870,200,200,-66.4442,-73.0329,2.74,0,67.85,0.3,0,
PD93-01,1993,33.973,880,200,160,-66.7142,-72.442,36.51,0,26.78,0,0,
PD93-01,1993,34.11,888,200,120,-66.9821,-71.838,0,0,29.26,0,0,
PD93-01,1993,34.251,894,200,80,-67.2477,-71.2207,0,0,9.34,0,0,
PD93-01,1993,34.406,900,200,40,-67.5111,-70.5896,736.79,0,10.86,0,74.45,
PD93-01,1993,35.568,906,380,10,-66.737,-67.5797,2.74,0,3.22,0,1.07,
PD94-01,1994,12.425,12,500,60,-65.4792,-66.1489,0.25,0,8414.36,0,0.49,
PD94-01,1994,12.944,27,500,80,-65.3568,-66.4639,30.23,3.84,136.5,0.23,0,
PD94-01,1994,13.431,34,500,100,-65.2338,-66.776,0.44,95.46,274.1,16.24,0,
PD94-01,1994,13.783,46,500,120,-65.1102,-67.0851,1.58,1.4,6916.88,8.24,0,
PD94-01,1994,14.388,52,500,140,-64.9859,-67.3914,0.72,9.65,5.79,68.79,0,
PD94-01,1994,14.668,63,500,160,-64.8611,-67.6949,28.43,0,4879.03,58.96,0,
PD94-01,1994,14.765,70,500,180,-64.7356,-67.9955,28.11,4.36,73.85,6.28,0,
PD94-01,1994,14.896,77,500,200,-64.6096,-68.2934,26.29,0,743.8,16.19,0,
PD94-01,1994,15.389,81,600,200,-63.9658,-66.856,0.5,76.88,11.9,4.22,0,
PD94-01,1994,15.637,94,600,180,-64.0889,-66.5584,8.65,19.07,1297.41,18.85,0,
PD94-01,1994,15.755,101,600,160,-64.2114,-66.2582,17,0.44,83.03,33.57,0,
PD94-01,1994,16.421,108,600,140,-64.3333,-65.9553,0,119.73,428.39,28.4,0,
PD94-01,1994,16.596,117,600,120,-64.4546,-65.6497,1.99,75.74,85.21,24.75,0,
PD94-01,1994,17.503,128,600,100,-64.5753,-65.3414,6.88,209.83,569.24,0,0,
PD94-01,1994,17.67,137,600,80,-64.6953,-65.0304,67.77,466.92,204.55,6.21,0,
PD94-01,1994,18.524,151,600,40,-64.9333,-64.4,193.1,56.89,338.49,0,0,
PD94-01,1994,18.769,164,600,60,-64.8146,-64.7166,133.34,170.37,280.54,6.13,0,
PD94-01,1994,19.465,171,610,30,-64.9248,-64.1016,0.16,231.95,1332.86,0,0,
PD94-01,1994,19.573,177,620,30,-64.857,-63.9632,0.67,135.58,149.45,0.67,0,
PD94-01,1994,19.769,187,620,40,-64.7982,-64.1224,1.03,27.45,48.74,2.82,0,
PD94-01,1994,20.382,194,616,60,-64.712,-64.4923,0.75,332.98,17.16,6.79,0,
PD94-01,1994,20.519,201,610,70,-64.688,-64.7344,33.79,130.21,49.06,8.95,0,
PD94-01,1994,21.388,213,600,60,-64.8146,-64.7166,120.36,101.44,0.07,4.78,0,
PD94-01,1994,21.658,225,600,40,-64.9333,-64.4,0.37,0.75,1240.05,0.19,0,
PD94-01,1994,21.79,232,595,30,-65.0262,-64.3105,135.56,276.47,88.94,0,0,
PD94-01,1994,22.383,239,590,50,-64.9413,-64.6986,53.79,38.06,42.06,0.14,0,
PD94-01,1994,22.635,252,590,70,-64.822,-65.0139,9.66,126.96,1314.31,11.44,0,
PD94-01,1994,22.858,264,580,40,-65.068,-64.6805,8.05,68.5,468.36,0,0,
PD94-01,1994,23.467,273,570,30,-65.1946,-64.6621,78.16,2.24,5.51,0.61,28.57,
PD94-01,1994,25.494,308,620,15,-64.9449,-63.7232,4.38,34.02,20.66,0,12.52,
PD94-01,1994,25.698,319,602,14,-65.0725,-63.955,1.23,0,5.65,0,640.1,
PD94-01,1994,26.511,341,585,10,-65.2118,-64.1295,18.47,0,2,0,240.35,
PD94-01,1994,26.669,350,575,10,-65.2794,-64.2702,73.01,0,0.24,0,24.02,
PD94-01,1994,27.515,362,550,5,-65.4776,-64.5441,1.52,0,-0.76,0,3.18,
PD94-01,1994,27.849,376,510,0,-65.7756,-65.04,22.06,0,10.2,0,17.06,
PD94-01,1994,28.831,390,440,15,-66.1481,-66.3227,50.45,0,2.96,0,8.45,
PD94-01,1994,29.774,407,380,20,-66.5075,-67.3252,11.57,1.79,5.21,0.16,68.74,
PD94-01,1994,29.929,411,369,24,-66.55,-67.5403,16.56,0,7.01,0,98.21,
PD94-01,1994,31.426,417,400,40,-66.254,-67.3366,0.78,13.69,455.01,0.26,6.72,
PD94-01,1994,31.654,432,400,60,-66.1291,-67.6552,0.72,27.65,2.15,0.18,80.24,
PD94-01,1994,31.815,441,400,80,-66.0036,-67.9707,90.45,0.3,33.32,0,0,
PD94-01,1994,32.427,449,400,100,-65.8776,-68.283,1.33,3.54,34.37,0.15,0,
PD94-01,1994,32.542,456,400,120,-65.7509,-68.5923,50.51,48.98,66.84,0.19,0,
PD94-01,1994,32.785,469,400,140,-65.6236,-68.8986,76.06,3.13,1527.21,0.3,0,
PD94-01,1994,33.381,474,400,160,-65.4957,-69.2019,20.09,95.73,6.76,0.41,0,
PD94-01,1994,33.572,486,400,180,-65.3672,-69.5022,5.68,10.25,30.76,28.38,0,
PD94-01,1994,33.789,497,400,200,-65.2382,-69.7996,6.89,18.78,109.42,14.99,0,
PD94-01,1994,34.378,502,300,200,-65.8501,-71.3783,7.44,36.43,8.39,0,0,
PD94-01,1994,34.565,511,300,180,-65.9823,-71.0822,45.43,169.19,406.89,0.29,0,
PD94-01,1994,34.783,522,300,160,-66.1138,-70.783,4.69,0,182.22,0,0,
PD94-01,1994,35.381,527,300,140,-66.2448,-70.4807,9.9,0.32,338.62,0,0,
PD94-01,1994,35.576,537,300,120,-66.3753,-70.1753,9.31,0,438.79,0,0,
PD94-01,1994,35.781,547,300,100,-66.5052,-69.8667,6.76,0,272.84,6.93,0,
PD94-01,1994,37.342,553,300,80,-66.6344,-69.5548,0.14,11.43,48.05,0,0,
PD94-01,1994,37.467,564,300,60,-66.7631,-69.2397,5.76,23.46,39.14,0,10.19,
PD94-01,1994,37.592,575,300,40,-66.8912,-68.9213,24.48,14.97,13.61,0,51.49,
PD95-01,1995,8.501,145,500,60,-65.4792,-66.1489,1.14,0,100.84,1.04,6.53,
PD95-01,1995,8.881,158,500,80,-65.3568,-66.4639,8.32,0,457.08,30.68,68.74,
PD95-01,1995,9.254,170,500,100,-65.2338,-66.776,13.08,0,51.84,1.79,0,
PD95-01,1995,9.349,174,500,120,-65.1102,-67.0851,0.11,0,422.69,-999,0,
PD95-01,1995,9.573,183,500,140,-64.9859,-67.3914,0,0,180.51,16.61,0.18,
PD95-01,1995,9.725,193,500,160,-64.8611,-67.6949,1.75,0,32.52,21.35,5.47,
PD95-01,1995,9.903,203,500,180,-64.7356,-67.9955,1.47,0,19.29,32.31,0,
PD95-01,1995,10.083,212,500,200,-64.6096,-68.2934,0.52,0.26,4.16,43.86,0,
PD95-01,1995,10.444,229,600,200,-63.9658,-66.856,0,0.12,1.6,81.15,0,
PD95-01,1995,10.568,237,600,180,-64.0889,-66.5584,0.16,0,6.67,42.63,0,
PD95-01,1995,10.772,248,600,160,-64.2114,-66.2582,39.03,0,334.25,50.55,0,
PD95-01,1995,10.944,258,600,140,-64.3333,-65.9553,24,0,51.26,10.06,0,
PD95-01,1995,11.348,272,600,40,-64.9333,-64.4,0.3,0,102.45,0.6,0,
PD95-01,1995,11.65,286,600,80,-64.6953,-65.0304,0.27,0,339.02,4.51,0,
PD95-01,1995,11.867,298,600,100,-64.5753,-65.3414,2.33,0,631.94,6.4,0,
PD95-01,1995,12.058,308,600,120,-64.4546,-65.6497,3.24,2.13,0,20.66,0,
PD95-01,1995,15.069,448,600,30,-64.9924,-64.2407,0.09,0,141.58,0.09,-999,
PD95-01,1995,16.519,542,600,60,-64.8146,-64.7166,0.21,0,-999,-999,-999,
PD95-01,1995,17.072,568,620,15,-64.9449,-63.7232,0,0,118.85,0.96,49.97,
PD95-01,1995,17.483,577,595,14,-65.1179,-64.0247,0.14,0,5.09,0,22.84,
PD95-01,1995,17.718,585,585,10,-65.2118,-64.1295,0.36,0,2.39,0.12,0,
PD95-01,1995,18.311,592,575,10,-65.2794,-64.2702,0.65,0,3.88,0.9,25.59,
PD95-01,1995,18.598,603,550,5,-65.4776,-64.5441,0.71,0,14.02,0,0.18,
PD95-01,1995,18.785,612,530,5,-65.6119,-64.8312,1.17,0,64.18,1.17,14,
PD95-01,1995,26.298,949,400,200,-65.2382,-69.7996,13.64,0.36,588.02,87.09,0,
PD95-01,1995,26.508,960,400,180,-65.3672,-69.5022,5.48,0.13,163.95,51.63,0,
PD95-01,1995,26.678,971,400,160,-65.4957,-69.2019,1.92,0,52.05,54.13,0,
PD95-01,1995,26.84,980,400,140,-65.6236,-68.8986,0.1,-999,102.26,33.92,0.61,
PD95-01,1995,27.044,988,400,120,-65.7509,-68.5923,0,0,416.56,26.46,-999,
PD95-01,1995,27.335,995,400,100,-65.8776,-68.283,0.41,0,142.35,62.64,0,
PD95-01,1995,27.478,1003,400,80,-66.0036,-67.9707,3.21,0,310.98,30.26,6.16,
PD95-01,1995,27.626,1011,400,60,-66.1291,-67.6552,5.1,0,1.15,95.46,0.16,
PD95-01,1995,27.873,1024,400,40,-66.254,-67.3366,4.9,0,475.82,47.41,0.47,
PD95-01,1995,28.308,1027,300,40,-66.8912,-68.9213,0,0,222.46,40.03,0,
PD95-01,1995,28.482,1034,300,60,-66.7631,-69.2397,0.28,0,7,76.98,0.14,
PD95-01,1995,28.636,1041,300,80,-66.6344,-69.5548,0.64,0,0,36.21,0,
PD95-01,1995,28.804,1049,300,100,-66.5052,-69.8667,1.37,0,1.37,52.42,0,
PD95-01,1995,28.012,1058,300,120,-66.3753,-70.1753,13.53,0,3.04,27.52,0,
PD95-01,1995,29.278,1063,300,140,-66.2448,-70.4807,0.43,0,302.29,6.97,0,
PD95-01,1995,29.497,1073,300,160,-66.1138,-70.783,18.49,0.11,1638.64,46.74,0,
PD95-01,1995,29.661,1081,300,180,-65.9823,-71.0822,17.96,0.24,505.2,30.13,0,
PD95-01,1995,29.918,1092,300,200,-65.8501,-71.3783,17.5,0,90.43,21.23,0,
PD95-01,1995,30.344,1100,200,200,-66.4442,-73.0329,12.23,0.32,1383.96,37.81,0,
PD95-01,1995,30.616,1115,200,180,-66.5795,-72.7391,22.43,0,851.65,2.75,0,
PD95-01,1995,30.788,1123,200,160,-66.7142,-72.442,14.09,0,329.51,13.05,0,
PD95-01,1995,31.043,1134,200,140,-66.8484,-72.1417,32.9,0,565.22,55.23,0,
PD95-01,1995,31.266,1143,200,120,-66.9821,-71.838,1.02,2.73,363.47,8.86,0,
PD95-01,1995,31.492,1153,200,100,-67.1152,-71.5311,10.36,0,6.02,5.18,0,
PD95-01,1995,31.645,1161,200,80,-67.2477,-71.2207,93.18,0,0.55,6.69,0,
PD95-01,1995,31.835,1169,200,60,-67.3797,-70.9069,0.47,0,0,17.25,1.09,
PD95-01,1995,32.039,1180,200,40,-67.5111,-70.5896,1.04,0,28.55,13.04,0.26,
PD95-01,1995,32.212,1183,200,20,-67.6418,-70.2688,1.68,1.6,4.25,28.72,54.25,
PD95-01,1995,32.454,1193,200,0,-67.772,-69.9445,1.17,2.19,5.11,17.08,14.74,
PD95-01,1995,33.707,1211,360,10,-66.6988,-67.4767,0.34,0,29.49,62.1,0.34,
PD95-01,1995,33.893,1216,380,10,-66.5697,-67.1631,0,0,6.22,5.62,0.07,
PD95-01,1995,34.359,1226,400,15,-66.4091,-66.9339,0.78,0,9.81,5.25,4.57,
PD95-01,1995,34.56,1236,420,15,-66.2789,-66.6267,0.09,0,0.55,0.18,0,
PD95-01,1995,35.056,1252,440,15,-66.1481,-66.3227,0.57,0,52.28,3.51,2.37,
PD95-01,1995,37.172,1313,600,40,-64.9333,-64.4,28.89,0,1246.67,2.63,-999,
PD96-01,1996,9.608,34,500,60,-65.4792,-66.1489,65.1,0,146.17,33.72,401.67,
PD96-01,1996,9.836,46,500,80,-65.3568,-66.4639,408.24,0,249.57,38.88,1.46,
PD96-01,1996,10.042,56,500,100,-65.2338,-66.776,1788.32,0,113.81,41.19,26.61,
PD96-01,1996,10.234,66,500,120,-65.1102,-67.0851,3.92,0,43.33,230.79,4.26,
PD96-01,1996,10.843,82,500,140,-64.9859,-67.3914,4.08,0,322.08,142.14,0,
PD96-01,1996,10.998,92,500,160,-64.8611,-67.6949,4.67,0,85.67,341.23,0,
PD96-01,1996,11.209,100,500,180,-64.7356,-67.9955,5.13,0.83,413.69,508.47,0,
PD96-01,1996,11.419,109,500,200,-64.6096,-68.2934,57.48,0.54,550.54,74.55,0,
PD96-01,1996,11.721,119,500,220,-64.483,-68.5884,23.22,0,241.61,218.96,0,
PD96-01,1996,11.803,123,500,240,-64.3558,-68.8808,17.44,0,465.87,21.6,0,
PD96-01,1996,12.105,135,600,240,-64.7178,-67.4433,29.45,17.69,98.06,279.93,0,
PD96-01,1996,12.201,139,600,220,-63.8421,-67.1509,10.75,4.92,298.85,492.27,0,
PD96-01,1996,12.289,142,600,200,-63.9658,-66.856,7.66,0.27,90.09,165.75,0,
PD96-01,1996,12.667,155,600,180,-64.0889,-66.5584,40.64,0,367.24,837.31,0,
PD96-01,1996,12.828,164,600,160,-64.2114,-66.2582,28.64,0,515.93,68.98,0,
PD96-01,1996,12.99,173,600,140,-64.3333,-65.9553,16.2,0,423.21,90.38,0,
PD96-01,1996,13.502,186,600,120,-64.4546,-65.6497,1.02,0,695.14,20.04,0,
PD96-01,1996,13.658,195,600,100,-64.5753,-65.3414,141.85,0,881.42,31.24,0,
PD96-01,1996,13.856,204,600,80,-64.6953,-65.0304,13.9,0,81.29,19.14,0,
PD96-01,1996,14.014,213,600,60,-64.8146,-64.7166,8.49,0,92.1,27.47,1.19,
PD96-01,1996,15,254,600,40,-64.9333,-64.4,71.72,0,907.86,1.42,0,
PD96-01,1996,19.665,465,613,40,-64.8417,-64.224,7.82,0,43.13,5.44,0.7,
PD96-01,1996,19.806,470,605,45,-64.8683,-64.417,1.81,0,114.44,2.48,0,
PD96-01,1996,21.513,510,604,14,-65.0608,-63.9278,1752.88,0,180.63,0,191.73,
PD96-01,1996,21.745,517,595,14,-65.1487,-64.0883,1378.27,0,11.77,0,115.04,
PD96-01,1996,21.958,525,585,10,-65.2118,-64.1295,696.51,0,35.58,0,146.66,
PD96-01,1996,22.468,535,575,10,-65.2794,-64.2702,8.49,0,24.51,1.43,35.38,
PD96-01,1996,22.635,544,550,5,-65.4776,-64.5441,13.78,0,2.39,0.11,0,
PD96-01,1996,23.923,601,626,31,-64.8303,-63.8255,657.25,0,12.19,0.2,24.38,
PD96-01,1996,24.052,604,617,28,-64.8766,-64.0203,92.94,0,34.45,1.02,2.54,
PD96-01,1996,24.106,606,622,29,-64.8582,-63.901,8.7,0,68.2,6.01,0.26,
PD96-01,1996,26.294,674,400,200,-65.2382,-69.7996,29.24,0,495.52,147.87,1.12,
PD96-01,1996,26.678,688,400,180,-65.3672,-69.5022,14.98,0,366.78,174.62,0,
PD96-01,1996,26.842,697,400,160,-65.4957,-69.2019,13.16,0,907.08,219.27,0,
PD96-01,1996,26.994,706,400,140,-65.6236,-68.8986,8.71,0,6.83,5.25,0,
PD96-01,1996,27.144,714,400,120,-65.7509,-68.5923,110.63,0,601.76,2.1,0,
PD96-01,1996,27.273,720,400,100,-65.8776,-68.283,14.88,0,152.76,34.75,0.92,
PD96-01,1996,27.42,730,400,80,-66.0036,-67.9707,30.35,0,26.27,52.54,3.46,
PD96-01,1996,27.626,742,400,60,-66.1291,-67.6552,2.71,0,15.46,109.1,0.11,
PD96-01,1996,27.781,751,400,40,-66.254,-67.3366,13.8,0,51.56,21.57,328.89,
PD96-01,1996,28.326,766,300,40,-66.8912,-68.9213,119.72,0,196.52,110.05,109.08,
PD96-01,1996,28.506,775,300,60,-66.7631,-69.2397,2.15,0,96.84,184.92,2,
PD96-01,1996,28.722,787,300,80,-66.6344,-69.5548,191.9,0,69.4,106.5,0,
PD96-01,1996,28.894,796,300,100,-66.5052,-69.8667,24.72,0,93.06,102.57,0,
PD96-01,1996,29.053,805,300,120,-66.3753,-70.1753,50.74,0,256.84,116.45,3.77,
PD96-01,1996,29.234,814,300,140,-66.2448,-70.4807,91.21,0,255.43,182.79,2.15,
PD96-01,1996,29.431,825,300,160,-66.1138,-70.783,99.13,0,128.36,70.77,0,
PD96-01,1996,29.608,834,300,180,-65.9823,-71.0822,23.72,0,920.43,100.09,0,
PD96-01,1996,29.965,846,300,200,-65.8501,-71.3783,14.23,0,201.67,0,0,
PD96-01,1996,30.301,853,200,200,-66.4442,-73.0329,1.39,0,43.59,0,0.12,
PD96-01,1996,30.619,865,200,180,-66.5795,-72.7391,14.85,0,24.02,0,0,
PD96-01,1996,30.779,874,200,160,-66.7142,-72.442,14.16,0,881.48,0,0,
PD96-01,1996,30.942,883,200,140,-66.8484,-72.1417,9.64,0,249.66,0,0,
PD96-01,1996,31.082,892,200,120,-66.9821,-71.838,4.05,0,428.38,90.41,1.14,
PD96-01,1996,31.226,897,200,100,-67.1152,-71.5311,1.22,0,708.76,139.93,1.32,
PD96-01,1996,31.407,906,200,80,-67.2477,-71.2207,0.44,0,43.08,73.97,0.79,
PD96-01,1996,31.558,915,200,60,-67.3797,-70.9069,1.48,0,342.7,144.18,0,
PD96-01,1996,31.76,926,200,40,-67.5111,-70.5896,0.94,0,47.56,46.62,1.26,
PD96-01,1996,31.915,934,200,20,-67.6418,-70.2688,0.57,0,0.91,44.13,0,
PD96-01,1996,32.237,943,200,0,-67.772,-69.9445,1.89,0,52.93,34.08,2.14,
PD96-01,1996,34.967,983,227,-83,-68.1318,-68.0983,49.43,0,15.03,0,40.57,
PD96-01,1996,35.457,993,235,-80,-68.068,-68.0092,29.01,0,14.06,0,81.03,
PD96-01,1996,35.728,1002,244,-81,-68.0187,-67.8472,23.46,0,21.51,3.19,57.73,
PD96-01,1996,37.426,1014,440,15,-66.1481,-66.3227,7.23,0,131.24,8.23,114.78,
PD96-01,1996,38.34,1023,400,15,-66.4091,-66.9339,5.75,0,25.02,15.12,33.05,
PD96-01,1996,38.598,1035,420,15,-66.2789,-66.6267,0,0,0.25,2.85,0,
PD97-01,1997,12.396,116,500,60,-65.4646,-66.2833,75.85,127.25,176.87,1.33,6.22,
PD97-01,1997,12.676,127,500,80,-65.3409,-66.4415,1654.31,27.98,0,16.92,0,
PD97-01,1997,12.877,135,500,100,-65.2192,-66.7516,262.77,22.99,108.17,9.57,0,
PD97-01,1997,13.113,143,500,120,-65.1136,-67.0872,56.79,21.73,912.57,21.18,0,
PD97-01,1997,13.291,149,500,140,-64.9906,-67.3959,281.21,31.55,26.59,79.18,0,
PD97-01,1997,13.496,157,500,160,-64.8584,-67.6985,170.09,26.19,438.22,122.51,0,
PD97-01,1997,13.69,165,500,180,-64.7265,-67.9903,44.57,6.15,261.66,168.35,0,
PD97-01,1997,14.016,177,500,200,-64.6093,-68.2915,10.78,74.49,809.99,164.7,0,
PD97-01,1997,14.157,183,500,220,-64.4856,-68.5986,0,438.46,6.61,112.61,0,
PD97-01,1997,14.235,187,500,240,-64.3557,-68.8767,0.88,196,1.85,97.07,0,
PD97-01,1997,16.293,303,600,40,-64.9357,-64.4076,371.22,80.73,126.83,11.48,0,
PD97-01,1997,16.585,314,600,60,-64.8047,-64.7214,62.93,52.1,308.98,6.63,0,
PD97-01,1997,16.756,324,600,80,-64.6971,-65.0455,64.73,129.14,128.12,4.7,0,
PD97-01,1997,16.939,333,600,100,-64.5696,-65.3326,34.42,17.7,1101.36,13.6,0,
PD97-01,1997,17.258,341,600,120,-64.4449,-65.6455,312.01,176.87,614.87,12.61,0,
PD97-01,1997,17.501,352,600,140,-64.3273,-65.9296,41.43,149.94,301.66,91.04,0,
PD97-01,1997,17.688,361,600,160,-64.2077,-66.2527,48.66,3.67,344.57,59.08,0,
PD97-01,1997,17.863,371,600,180,-64.0863,-66.5578,17.1,0.1,658.68,194.65,0,
PD97-01,1997,18.104,379,600,200,-63.9594,-66.8427,0.38,121.18,180.6,30.47,0,
PD97-01,1997,18.215,384,600,220,-63.84,-67.1423,0,233.42,34.18,111.36,0,
PD97-01,1997,18.633,389,584,131,-64.4525,-66.0532,3.98,57.76,381.47,46.84,0,
PD97-01,1997,19.126,409,610,30,-64.9194,-64.1224,3.98,51.27,114.14,3.76,1.22,
PD97-01,1997,19.18,412,615,40,-64.8312,-64.1863,0,99.09,37.8,7.36,0.14,
PD97-01,1997,25.961,691,550,10,-65.4417,-64.6305,68.58,0.62,61.23,3.63,25.31,
PD97-01,1997,26.055,693,570,30,-65.1811,-64.6587,216.63,112.09,114.97,53.08,2.12,
PD97-01,1997,27.354,727,400,40,-66.254,-67.3352,43.36,5.36,5.95,6.99,3.26,
PD97-01,1997,27.522,738,400,60,-66.1369,-67.6587,1.41,7.76,39.2,6.23,1.65,
PD97-01,1997,27.719,748,400,80,-66.507,-67.9553,9.13,0.65,169.73,9.53,0.16,
PD97-01,1997,27.874,757,400,100,-65.8832,-68.2812,2.29,0,254.38,15.89,0,
PD97-01,1997,28.037,766,400,120,-65.7542,-68.5951,183.97,6.54,269.13,53.84,0,
PD97-01,1997,28.274,771,400,140,-65.6247,-68.8978,58.27,0.18,102.62,22.43,0,
PD97-01,1997,28.475,782,400,160,-65.4964,-69.1899,3.37,8.67,36.78,45.3,0,
PD97-01,1997,28.632,791,400,180,-65.3671,-69.5051,2.8,0,59.73,148.94,0,
PD97-01,1997,28.791,800,400,200,-65.2382,-69.8082,17.79,0.58,115.62,252.7,0,
PD97-01,1997,29.346,807,300,200,-65.8508,-71.3848,0.1,37.37,396.63,105.03,0,
PD97-01,1997,29.558,818,300,180,-65.9829,-71.0872,1.85,9.45,21.46,4.94,0,
PD97-01,1997,29.724,827,300,160,-66.1098,-70.7914,1.57,1.57,100.95,9.89,0,
PD97-01,1997,29.874,836,300,140,-66.2453,-70.4821,14.98,5.83,105.43,1.76,0,
PD97-01,1997,29.252,845,300,120,-66.3757,-70.175,0.2,42.95,589.73,0,0,
PD97-01,1997,30.456,856,300,100,-66.5049,-69.862,296.91,23.19,284.99,0,0,
PD97-01,1997,30.613,865,300,80,-66.6359,-69.5516,11.4,0.63,59.02,0,0.88,
PD97-01,1997,30.746,875,300,60,-66.7593,-69.2556,419.36,0,221.53,9.9,0,
PD97-01,1997,30.898,884,300,40,-66.8926,-68.9223,291.95,0,0,0,0,
PD97-01,1997,32.34,973,200,200,-66.4473,-73.035,0,46.2,8.33,148.61,0,
PD97-01,1997,32.796,986,200,180,-66.5774,-72.7389,124.81,0.1,155.4,216.77,0,
PD97-01,1997,32.952,994,200,160,-66.7078,-72.4209,6.13,5.19,51.04,71.43,0,
PD97-01,1997,33.263,1000,200,140,-66.8644,-72.1692,1.42,33.4,9.59,6.75,0,
PD97-01,1997,33.478,1011,200,120,-66.9832,-71.8343,0,0.15,877.22,1.46,0,
PD97-01,1997,33.642,1020,200,100,-67.1188,-71.3349,4.82,0,496.54,0,0.2,
PD97-01,1997,33.794,1029,200,80,-67.2503,-71.2215,45.25,0,45.05,0,0.21,
PD97-01,1997,33.938,1038,200,60,-67.3805,-70.9086,0.86,0,95.01,0,18.59,
PD97-01,1997,34.281,1043,200,40,-67.5074,-70.5834,0.17,0,24.76,3.71,1.21,
PD97-01,1997,34.496,1054,200,20,-67.6423,-70.2831,0.84,0,13.75,2.17,0.6,
PD97-01,1997,34.663,1063,200,0,-67.7708,-69.9581,0.42,0,0,0,0.17,
PD97-01,1997,34.815,1072,200,-20,-67.8991,-69.6073,0.66,0.16,0.11,0.77,0.11,
PD97-01,1997,35.244,1078,200,-40,-68.0318,-69.2841,2.21,0,85.32,0.3,0.5,
PD97-01,1997,35.456,1090,200,-60,-68.1571,-68.962,14.36,0,9.84,0.16,2.65,
PD97-01,1997,36.73,1100,227,-58,-67.9599,-68.5364,11.06,0,8.69,0.1,0.1,
PD97-01,1997,37.531,1108,293,-35,-67.427,-67.8188,8.5,0,8.69,0,4.21,
PD97-01,1997,38.615,1116,380,10,-66.5586,-67.1625,0.22,0,8.23,0.22,8.34,
PD97-01,1997,38.791,1123,400,0,-66.5003,-66.6757,21.94,0,21.52,0.42,5.86,
PD97-01,1997,38.967,1131,408,-15,-66.5275,-66.3414,1,0,22.39,0.6,23.89,
PD97-01,1997,39.29,1135,440,0,-66.2439,-66.0778,97.46,0,3.49,0.32,17.65,
PD97-01,1997,39.511,1145,420,15,-66.2714,-66.5849,780.67,3.77,0.1,0,0,
PD97-01,1997,41.468,1222,520,30,-65.5307,-65.3891,467.74,123.68,1195.68,2.44,13.49,
PD97-01,1997,41.769,1236,500,0,-65.8437,-65.1854,574.74,0,0,0,106.78,
PD97-01,1997,42.001,1245,530,5,-65.6019,-64.8797,0,0,24.06,0.09,142.38,
PD97-01,1997,42.288,1249,550,30,-65.3344,-64.9503,87.43,91.68,267.59,3.49,30.05,
PD97-01,1997,42.524,1260,575,10,-65.2848,-64.2654,0.63,18.22,82.92,1.78,0.84,
PD97-01,1997,42.664,1266,585,10,-65.2051,-64.1261,567.35,0.24,8.49,0.24,10.79,
PD97-01,1997,43.317,1276,596,14,-65.1333,-64.0381,906.39,2.82,49.23,0.12,76.9,
LMG98-01,1998,29.358,15,600,40,-64.9402,-64.4303,22.42,0,15.92,5.2,0,
LMG98-01,1998,29.918,26,600,60,-64.8201,-64.731,0,0,53.35,0,0.29,
LMG98-01,1998,30.144,37,600,80,-64.7026,-65.0371,230.73,0,1178.99,0,0,
LMG98-01,1998,30.447,45,600,100,-64.5718,-65.3441,0.21,0,17.7,4.73,0,
LMG98-01,1998,30.692,57,600,120,-64.4524,-65.6371,0.9,0,422.85,0,0,
LMG98-01,1998,31.012,68,600,140,-64.3269,-65.953,13.23,0,520.35,0,0,
LMG98-01,1998,31.369,73,600,160,-64.2108,-66.2487,5.61,0.33,301.1,0.16,0,
LMG98-01,1998,31.636,84,600,180,-64.0827,-66.5519,27.78,0,2242.06,0,0,
LMG98-01,1998,31.85,93,600,200,-63.9647,-66.8371,2.32,0,70.68,0,0,
LMG98-01,1998,32.41,100,500,180,-64.7337,-67.9971,127.61,0,626.97,0,0,
LMG98-01,1998,33.057,116,500,140,-64.9798,-67.3799,7.47,0,111.8,0,0,
LMG98-01,1998,33.215,118,500,160,-64.8589,-67.6935,4.6,0,979.23,0.14,0,
LMG98-01,1998,33.358,121,500,120,-65.118,-67.0933,4.24,0,228.73,0,0,
LMG98-01,1998,33.597,133,500,100,-65.2363,-66.7799,24.14,0,11.98,0,0,
LMG98-01,1998,33.76,142,500,80,-65.3612,-66.4786,0.35,0,0.87,0,0.17,
LMG98-01,1998,33.916,151,500,60,-65.4823,-66.1546,290.49,0,0,0,0,
LMG98-01,1998,34.152,156,427,13,-66.229,-66.4636,2.79,0,135.05,0,15.96,
LMG98-01,1998,34.36,158,398,42,-66.248,-67.3856,11.59,0,130.87,0,1.22,
LMG98-01,1998,34.438,160,400,60,-66.1261,-67.642,2960.24,0,0,0,0,
LMG98-01,1998,34.597,168,400,80,-66.0026,-67.9526,63.07,0,78.6,0,0,
LMG98-01,1998,34.725,177,400,100,-65.8858,-68.292,3.66,0,0,0,1.22,
LMG98-01,1998,34.792,180,400,120,-65.7489,-68.5985,119.74,0,0,0,1.26,
LMG98-01,1998,34.922,189,400,140,-65.6316,-68.8992,260.51,0,0,0,0,
LMG98-01,1998,35.367,194,400,160,-65.4961,-69.2064,73.64,0,530.48,0,0.77,
LMG98-01,1998,35.442,199,400,180,-65.367,-69.5034,8.81,0,827.52,0,0,
LMG98-01,1998,35.819,211,300,180,-65.982,-71.0914,4.63,0,522.94,0,0.06,
LMG98-01,1998,35.921,215,300,160,-66.1128,-70.7883,36.99,0,930.02,0,0,
LMG98-01,1998,36.081,224,300,140,-66.245,-70.4813,16.09,0,37.29,0,0,
LMG98-01,1998,36.359,228,300,120,-66.3683,-70.1805,0.34,0,3.42,0,0.34,
LMG98-01,1998,36.433,232,300,100,-66.5013,-69.8697,0.86,0,442.39,0,0.43,
LMG98-01,1998,36.566,239,300,80,-66.6259,-69.5582,2.72,0,2.04,0,0,
LMG98-01,1998,36.688,245,300,60,-66.7603,-69.1624,0.74,0,0.49,0,0.49,
LMG98-01,1998,36.766,249,300,40,-66.8892,-68.927,0.22,0,0,0,0,
LMG98-01,1998,37.358,256,200,200,-66.4453,-73.0244,0.13,3.51,1.25,66.85,0,
LMG98-01,1998,37.595,267,200,180,-66.584,-72.7349,0.42,0,0.42,2.4,0,
LMG98-01,1998,37.756,275,200,160,-66.7188,-72.4336,2.47,0,5.14,2.47,0,
LMG98-01,1998,38.368,281,200,140,-66.8449,-72.1321,0,0,3.82,0.15,0,
LMG98-01,1998,38.54,289,200,120,-66.9834,-71.811,244.88,0,12.43,0,0,
LMG98-01,1998,38.749,298,200,100,-67.1136,-71.5521,58.92,0,0,0,0,
LMG98-01,1998,38.935,307,200,80,-67.2408,-71.1348,0,0,3.73,0,0.22,
LMG98-01,1998,39.36,313,200,60,-67.3771,-70.9159,0.25,0,7.49,0,0.12,
LMG98-01,1998,39.528,320,200,40,-67.5073,-70.5735,40.22,0,0,0,0,
LMG98-01,1998,39.732,329,200,20,-67.6366,-70.2594,0.18,0,0,0,0,
LMG98-01,1998,39.992,338,200,0,-67.7708,-69.9457,7123.76,0,0,0,0,
LMG98-01,1998,40.363,343,200,-20,-67.9091,-69.5948,0,2.3,4.43,0,2.46,
LMG98-01,1998,40.515,352,200,-40,-68.0309,-69.2881,0,0,0.47,1.87,0.31,
LMG98-01,1998,41.364,362,200,-60,-68.16,-68.9509,13.93,0,12.01,1.41,0.26,
LMG98-01,1998,41.955,374,294,-34,-67.3877,-67.8026,9.12,0,67.24,0,37.41,
LMG98-01,1998,42.072,378,317,-21,-67.1676,-67.6489,7.79,0,28.97,0,8.99,
LMG98-01,1998,42.4,380,380,10,-66.5641,-67.1495,0.24,0,30.33,0,31.52,
LMG98-01,1998,42.678,389,420,15,-66.28,-66.6219,1.86,0,31.2,0,0,
LMG98-01,1998,42.982,400,500,0,-65.838,-65.1637,7.76,0,21.65,0,0.9,
LMG98-01,1998,43.347,404,550,5,-65.4776,-64.5526,0.44,0,6.07,0.66,0,
LMG98-01,1998,43.674,414,595,15,-65.1266,-64.0409,4.03,0,13.2,0.18,0.73,
LMG98-01,1998,44.354,420,600,40,-64.9287,-64.3914,418.3,0,55.45,0,0,
LMG99-01,1999,9.685,22,510,0,-65.7726,-65.0302,39.69,0,21.81,1.47,14.46,
LMG99-01,1999,9.931,34,530,5,-65.6016,-64.8294,0.46,0,8.98,0.15,1.24,
LMG99-01,1999,10.382,43,500,60,-65.4763,-66.1614,0.43,0.09,234.68,6.89,0.09,
LMG99-01,1999,10.819,65,500,80,-65.3383,-66.4453,4.94,0,50.68,4.74,0,
LMG99-01,1999,11.108,75,500,100,-65.2231,-66.7588,0.2,33.74,120.54,53.87,0,
LMG99-01,1999,11.368,84,500,120,-65.1055,-67.0877,5.24,25,2.68,180.5,0,
LMG99-01,1999,11.815,106,500,140,-64.9704,-67.4372,17.74,0.61,21.62,48.75,0,
LMG99-01,1999,12.119,120,500,160,-64.856,-67.7088,16.45,178.94,1.52,44.47,0,
LMG99-01,1999,12.327,128,500,180,-64.7244,-68.0259,4.17,22.75,3.49,97.65,0,
LMG99-01,1999,12.751,152,500,200,-64.6066,-68.3021,18.73,0.12,44.67,53.31,0,
LMG99-01,1999,13.063,168,500,220,-64.4744,-68.5816,0.84,557.67,0,48.15,0,
LMG99-01,1999,13.26,176,500,240,-64.3525,-68.8876,0.43,557.69,262.62,70.34,0,
LMG99-01,1999,15.122,252,300,180,-65.9757,-71.0703,3.15,45.97,0.46,66.73,0,
LMG99-01,1999,15.281,258,300,160,-66.1179,-70.7728,5.15,35.95,6.03,140.8,0,
LMG99-01,1999,16.036,277,300,200,-65.85,-71.3936,0,503.75,18.2,26.59,0,
LMG99-01,1999,16.3,284,300,140,-66.2514,-70.4631,1.97,23.26,236.79,170.53,0,
LMG99-01,1999,16.686,305,300,120,-66.382,-70.171,11.39,0.29,1.95,59.07,0.1,
LMG99-01,1999,16.979,322,300,100,-66.5132,-69.8802,12.62,10.16,7.38,129.92,0.08,
LMG99-01,1999,17.272,334,300,80,-66.6361,-69.5684,10.68,58.76,16.39,105.14,0,
LMG99-01,1999,17.642,355,300,60,-66.7552,-69.2262,1.94,1.55,73.85,109.96,2.71,
LMG99-01,1999,17.91,372,300,40,-66.8776,-68.8372,7.59,0.31,32.49,13.62,97,
LMG99-01,1999,18.929,402,600,60,-64.8191,-64.7295,19.47,15.33,50.27,2.9,0,
LMG99-01,1999,19.002,405,600,40,-64.9426,-64.4167,66.47,12.5,59.08,1.55,0,
LMG99-01,1999,19.307,408,600,80,-64.7006,-65.0569,79.63,204.26,20.49,1.95,0,
LMG99-01,1999,19.708,429,600,100,-64.5643,-65.323,68.59,80.28,205.95,1.59,0,
LMG99-01,1999,19.99,446,600,120,-64.4564,-65.6759,4.37,13.99,34.75,52.75,0,
LMG99-01,1999,20.256,456,600,140,-64.3437,-65.9407,14.48,21.64,8.17,28.8,6.06,
LMG99-01,1999,20.619,475,600,160,-64.2188,-66.2662,8.02,3.01,20.56,22.26,0,
LMG99-01,1999,21.276,502,600,220,-63.8368,-67.1563,0.37,1576.71,6.13,55.22,0,
LMG99-01,1999,21.522,509,600,200,-63.9606,-66.853,12.14,121.64,25.06,25.06,0,
LMG99-01,1999,21.895,524,600,180,-64.0771,-66.7285,6.35,121.12,209.32,45.49,0,
LMG99-01,1999,23.492,552,595,14,-65.1203,-64.0168,0,0,12.2,0.5,0,
LMG99-01,1999,26.272,712,400,200,-65.2324,-69.8083,0,74.52,0,192.97,0,
LMG99-01,1999,26.749,733,400,180,-65.3643,-69.5071,156.39,0.71,11.99,46.55,0,
LMG99-01,1999,27.028,749,400,160,-65.4907,-69.2028,4.41,12.85,1.41,107.61,0,
LMG99-01,1999,27.244,758,400,140,-65.6208,-68.9042,0.6,10.22,10.62,177.62,0,
LMG99-01,1999,27.76,784,400,120,-65.7498,-68.5988,34.94,0.34,45.61,176.2,0,
LMG99-01,1999,28.029,801,400,100,-65.8777,-68.2869,5.02,0.87,19.08,93.67,0,
LMG99-01,1999,28.27,810,400,80,-66.4992,-67.9796,25.36,57.74,24.28,103.24,0,
LMG99-01,1999,28.652,831,400,60,-66.1227,-67.6469,17.84,0.52,56.37,24.48,0.09,
LMG99-01,1999,28.902,847,400,40,-66.2374,-67.3405,161.47,15.19,183,5.52,24.4,
LMG99-01,1999,29.389,853,200,40,-67.5207,-70.6156,44.25,93.57,129.82,42.14,0.46,
LMG99-01,1999,29.724,870,200,20,-67.6322,-70.269,161.35,13.71,106.52,47.15,0,
LMG99-01,1999,29.936,882,200,0,-67.7852,-69.9471,0.48,2.36,2.3,216.32,0.3,
LMG99-01,1999,30.276,890,200,-20,-67.9019,-69.6368,0,2.31,205.54,158.19,0,
LMG99-01,1999,31.326,905,227,-37,-67.8409,-68.877,0.32,0,5.48,36.56,0.32,
LMG99-01,1999,31.367,907,226,-37,-67.8483,-68.8908,0.49,0,1.23,95.35,0.12,
LMG99-01,1999,31.597,915,200,-60,-68.1673,-68.9611,6.22,0,2.43,40.89,1.07,
LMG99-01,1999,31.811,924,200,-40,-68.0333,-69.3235,0.1,0.19,0.58,48.21,0,
LMG99-01,1999,32.428,948,200,60,-67.3711,-70.9291,33.96,78.95,8.48,46.1,0,
LMG99-01,1999,32.775,969,200,80,-67.2408,-71.2194,21.21,4.38,4.29,24.33,0.08,
LMG99-01,1999,32.987,979,200,100,-67.1109,-71.5323,0,7.02,102.82,107.2,0,
LMG99-01,1999,33.296,993,200,120,-66.9766,-71.8517,127.38,69.09,36.36,46.47,0,
LMG99-01,1999,33.679,1016,200,140,-66.8476,-72.1231,48.91,0,3.65,77.58,0,
LMG99-01,1999,33.973,1033,200,160,-66.7131,-72.4833,13.92,154.28,36.91,88.03,0,
LMG99-01,1999,34.272,1043,200,180,-66.5794,-72.7558,21.02,519.94,7.01,28.26,0,
LMG99-01,1999,34.864,1064,200,200,-66.4487,-73.0468,1.97,89.51,75.46,19.48,0,
LMG99-01,1999,35.227,1073,300,200,-65.856,-71.3902,30.67,955.06,735.9,1.93,0,
LMG99-01,1999,35.473,1080,300,180,-65.9886,-71.1078,2.54,81.29,83.17,46.77,0,
LMG99-01,1999,35.688,1090,300,160,-66.1185,-70.7872,34.28,4.63,3.99,105.11,0,
LMG99-01,1999,35.816,1095,300,140,-66.2512,-70.4614,28.42,4.08,102.79,75.47,0,
LMG99-01,1999,35.928,1102,300,120,-66.3821,-70.1473,6.66,0.23,85.98,42.82,0,
LMG99-01,1999,36.071,1109,300,100,-66.5054,-69.8778,21.67,19.75,93.77,59.45,0,
LMG99-01,1999,36.292,1111,300,80,-66.6315,-69.567,5.52,43.93,20.36,87.41,0,
LMG99-01,1999,36.487,1118,300,60,-66.7569,-69.2176,21.32,12.36,6.9,81.6,0,
LMG99-01,1999,36.658,1127,300,40,-66.8873,-68.9085,133.47,0.09,17.76,49.77,0.44,
LMG99-01,1999,36.935,1136,368,28,-66.5461,-67.6197,12.92,0.41,21.16,8.66,6.05,
LMG99-01,1999,37.258,1142,400,0,-66.5066,-66.7019,17.92,0.5,3.35,6.7,1.93,
LMG99-01,1999,38.847,1226,600,200,-63.9622,-66.9066,0,71.82,0.29,0,0,
LMG99-01,1999,40.091,1233,600,180,-64.0951,-66.5505,0.72,110.2,40.6,0,0,
LMG99-01,1999,40.271,1235,600,160,-64.2136,-66.2643,97.9,79.68,102.48,11.72,102.48,
LMG99-01,1999,40.499,1244,600,140,-64.336,-65.9605,4.99,9.44,153.79,12.68,0,
LMG99-01,1999,40.653,1251,600,120,-64.4572,-65.6577,1.2,57.42,313.53,8.78,0,
LMG99-01,1999,40.828,1258,600,100,-64.569,-65.346,6.73,9.87,243.09,87.27,0,
LMG99-01,1999,40.992,1265,600,80,-64.6932,-65.0191,2.58,111.45,437.52,1.75,0,
LMG99-01,1999,41.07,1267,600,60,-64.8059,-64.6958,15.51,186.66,99.73,2.2,2.2,
LMG99-01,1999,41.861,1283,600,40,-64.9335,-64.3718,237.87,9.19,121.49,0.77,0,
LMG00-01,2000,9.917,68,600,40,-64.9325,-64.3957,10.93,0,5.18,0.1,0.29,
LMG00-01,2000,10.138,82,600,50,-64.8129,-64.7111,10.33,0,13.02,0.52,12.92,
LMG00-01,2000,10.303,85,600,80,-64.692,-65.0346,7.02,0,304.51,2.92,0.94,
LMG00-01,2000,10.544,97,600,100,-64.5779,-65.3224,84.1,0,70.76,26.06,0,
LMG00-01,2000,10.789,113,600,120,-64.4515,-65.6442,9.61,0,108.46,24.55,0,
LMG00-01,2000,10.971,124,600,140,-64.3317,-65.9408,11.04,0,29.63,133.18,0,
LMG00-01,2000,11.297,132,600,150,-64.2077,-66.2544,5.91,0.22,11.15,236.9,0,
LMG00-01,2000,11.472,144,600,180,-64.0847,-66.5361,0.23,3.75,0.35,92.7,0,
LMG00-01,2000,11.799,160,600,200,-63.963,-66.8385,0.41,3.12,1.9,216.61,0,
LMG00-01,2000,12.058,173,600,220,-63.8352,-67.1253,0.78,1319.08,0.78,126.33,0,
LMG00-01,2000,12.299,179,600,240,-63.7053,-67.4191,0.25,987.26,0.17,92.82,0,
LMG00-01,2000,12.836,200,500,240,-64.3544,-68.8706,0.22,23.05,0.55,199.16,0,
LMG00-01,2000,13.154,221,500,200,-64.5984,-68.2821,0.11,627.04,0,113.61,0,
LMG00-01,2000,13.306,232,500,160,-64.8489,-67.6884,4.84,0.19,2.91,210.91,1.55,
LMG00-01,2000,13.548,250,500,120,-65.1083,-67.0803,10.74,0.11,3.65,178.91,0.21,
LMG00-01,2000,13.826,272,500,80,-65.3566,-66.4602,27.8,0,48.21,77.49,1.35,
LMG00-01,2000,13.978,285,500,60,-65.4771,-66.1395,4.82,0,20.62,44.45,2.35,
LMG00-01,2000,14.319,294,400,40,-66.2506,-67.326,29.57,0,1.61,11.96,9.41,
LMG00-01,2000,14.474,308,400,60,-66.1325,-67.6392,13.02,0,0,23.21,20.04,
LMG00-01,2000,14.676,327,400,80,-66.0023,-67.9504,5.88,0,0.56,43.37,1.68,
LMG00-01,2000,14.835,338,400,100,-65.8765,-68.2667,8.74,0.13,2.09,45.65,8.09,
LMG00-01,2000,15.294,346,400,120,-65.7514,-68.5865,10.51,0.1,25.2,21.43,1.43,
LMG00-01,2000,15.453,357,400,140,-65.6275,-68.9074,28.5,0,202.53,39.55,0,
LMG00-01,2000,15.641,374,400,160,-65.4947,-69.2137,11.33,0,0.44,100.69,5.23,
LMG00-01,2000,15.855,386,400,180,-65.3674,-69.4895,12.31,0,234.68,103.04,0,
LMG00-01,2000,16.106,398,400,200,-65.2353,-69.7856,3.24,133.28,0.86,17.43,0,
LMG00-01,2000,16.397,404,300,200,-65.8486,-71.377,6.92,4.95,43.25,11.42,0,
LMG00-01,2000,16.721,425,300,160,-66.1062,-70.7541,3.88,0.29,1.44,28,0,
LMG00-01,2000,16.937,441,300,120,-66.3768,-70.1816,5.87,0,6.22,49.63,0.94,
LMG00-01,2000,17.138,457,300,80,-66.6305,-69.5547,3.58,0,8.24,59.7,3.22,
LMG00-01,2000,18.801,477,227,-35,-67.8249,-68.8737,6.29,0,7.64,19.15,4.25,
LMG00-01,2000,19.401,485,200,-20,-67.9063,-69.1193,7.97,0,4.61,4.14,0,
LMG00-01,2000,19.602,494,200,0,-67.7743,-69.9463,3.34,0,8.04,57.54,0.49,
LMG00-01,2000,19.842,507,200,20,-67.6413,-70.2872,32.01,0,8.67,53.54,16.08,
LMG00-01,2000,20.051,518,200,40,-67.4897,-70.5746,11.17,0,34.41,7.48,22.01,
LMG00-01,2000,20.292,521,200,60,-67.3805,-70.8372,7.02,0,5.88,6.4,17.76,
LMG00-01,2000,20.499,532,200,80,-67.2491,-71.2103,6.43,0,23.77,19.4,1.49,
LMG00-01,2000,20.685,547,200,100,-67.1162,-71.5226,37.13,0,39.87,5.19,0.92,
LMG00-01,2000,20.838,559,200,120,-66.9824,-71.8273,42.99,0,534.19,0.88,0.77,
LMG00-01,2000,21.018,571,200,140,-66.853,-72.1326,7.74,0,8.64,2.06,0,
LMG00-01,2000,21.294,577,200,160,-66.7237,-72.4431,17.61,768.05,0,23.72,0,
LMG00-01,2000,21.883,589,200,180,-66.5851,-72.7488,6.7,33.16,35.12,31.86,0,
LMG00-01,2000,22.821,624,300,60,-66.7672,-69.2351,1.65,0,374.73,1.1,9.06,
LMG00-01,2000,23.053,640,300,40,-66.8999,-68.9291,1.56,0,1.4,3.74,7.95,
LMG00-01,2000,24.296,653,585,10,-65.2011,-64.1239,64.98,0,2.47,0,5.5,
LMG00-01,2000,24.51,663,595,14,-65.1306,-64.0545,0,0,3.27,0,0.39,
LMG00-01,2000,24.741,673,588,32,-65.0617,-64.4314,0.24,0,50.03,0,417.41,
LMG01-01,2001,10.866,110,600,40,-64.9285,-64.392,4.17,1.94,421.91,3.33,0,
LMG01-01,2001,11.068,122,600,60,-64.8092,-64.7165,0.39,20.56,59.92,6.46,0.78,
LMG01-01,2001,11.301,129,600,80,-64.6888,-65.0253,1.05,28.93,68.33,7.72,0.13,
LMG01-01,2001,11.589,147,600,100,-64.5708,-65.3375,75.98,11.41,44.2,5.34,0,
LMG01-01,2001,11.786,159,600,120,-64.4615,-65.6621,14.6,7.02,5.61,7.58,10.67,
LMG01-01,2001,12.296,171,600,140,-64.3406,-65.9661,6.04,24.06,71.1,4.73,0.33,
LMG01-01,2001,12.793,196,600,160,-64.2177,-66.2697,8.85,0,89.46,21.79,0,
LMG01-01,2001,12.947,207,600,180,-64.0913,-66.5384,11.2,4.91,34.85,70.38,0,
LMG01-01,2001,13.293,216,600,200,-63.9716,-66.8625,2.87,147.08,5.84,107.13,0,
LMG01-01,2001,14.069,252,500,220,-64.4877,-68.6042,9.94,38.76,0,64.03,0,
LMG01-01,2001,14.159,256,500,200,-64.6116,-68.313,9.79,7.18,228.71,93.8,0,
LMG01-01,2001,14.29,262,500,180,-64.7373,-68.0325,5.01,2,23.38,64.8,0,
LMG01-01,2001,14.488,275,500,160,-64.87,-67.6871,3.4,0.44,0.44,45.91,0.15,
LMG01-01,2001,14.649,290,500,140,-64.9928,-67.3991,9,0,21.19,127.58,0,
LMG01-01,2001,14.794,301,500,120,-65.12,-67.0838,20.18,0.29,15.53,38.04,0,
LMG01-01,2001,15.013,313,500,100,-65.2415,-66.7793,14.66,0.67,20.13,26.79,0,
LMG01-01,2001,15.299,319,500,80,-65.3636,-66.4837,5.89,0,306.14,15.67,0,
LMG01-01,2001,15.589,337,500,60,-65.4788,-66.1678,3.49,1.99,190.5,6.32,0,
LMG01-01,2001,16.013,364,400,40,-66.2592,-67.3456,16.2,0.08,286.89,71.54,0,
LMG01-01,2001,16.204,369,400,80,-65.9921,-67.9628,0.45,0,9.11,55.58,0,
LMG01-01,2001,16.35,374,400,60,-66.1371,-67.6488,2.01,0,98.44,118.07,0,
LMG01-01,2001,16.69,400,400,100,-65.8719,-68.2759,0.49,0,7.54,52.81,0,
LMG01-01,2001,16.906,413,400,120,-65.7464,-68.5848,2.32,0,4.97,28.82,0,
LMG01-01,2001,17.052,424,400,140,-65.6184,-68.8893,31.52,0,52.16,26.75,0,
LMG01-01,2001,17.372,432,400,160,-65.4941,-69.1774,10.14,0,401.62,69.17,0,
LMG01-01,2001,17.563,445,400,180,-65.3711,-69.5442,6.37,1.65,192.53,137.99,0,
LMG01-01,2001,17.862,459,400,200,-65.242,-69.7912,4.28,2.94,177.88,51.27,0,
LMG01-01,2001,18.291,477,300,200,-65.8413,-71.3562,24.07,88.89,78.75,26.32,0,
LMG01-01,2001,18.569,490,300,180,-65.9819,-71.0593,8.85,1.01,0.88,43.99,0,
LMG01-01,2001,18.759,507,300,160,-66.118,-70.7697,7.07,1.77,65.65,52.99,0,
LMG01-01,2001,18.844,514,300,140,-66.2404,-70.4571,4.04,4.04,1.59,37.26,0,
LMG01-01,2001,19.024,529,300,120,-66.3785,-70.1613,2.84,0,17.91,70.23,0,
LMG01-01,2001,19.291,535,300,100,-66.5172,-69.8642,0.11,0.11,86.24,69.36,0,
LMG01-01,2001,19.593,554,300,80,-66.6409,-69.5694,20.55,0,194.3,40.38,0,
LMG01-01,2001,19.775,568,300,60,-66.7735,-69.2453,3.54,0,26.85,20.38,0,
LMG01-01,2001,20.007,582,300,40,-66.898,-68.9386,2.68,0,3.96,45.74,2.43,
LMG01-01,2001,20.417,595.2,200,120,-66.9888,-71.8752,0.58,0,4.03,87.75,0,
LMG01-01,2001,20.592,608,200,100,-67.1207,-71.5486,0.47,0,2.63,40.12,0,
LMG01-01,2001,20.862,625,200,80,-67.2513,-71.2368,0.56,0,0.28,80.99,0,
LMG01-01,2001,21.071,638,200,60,-67.3834,-70.9255,0.11,9.22,2.76,43.78,0,
LMG01-01,2001,21.217,644,200,40,-67.5141,-70.6103,1.16,0.95,87.73,56.49,0.21,
LMG01-01,2001,21.567,669,200,0,-67.7738,-69.9236,0,0,1.59,20.77,0,
LMG01-01,2001,21.942,677,200,-20,-67.9096,-69.6052,0.2,0.49,0,38.69,0,
LMG01-01,2001,22.181,681,238.8,-42.6,-67.809,-68.6159,93.42,0.08,14.04,8.02,2.62,
LMG01-01,2001,23.385,697,200,20,-67.6385,-70.2981,0,0,0.85,62.01,0.17,
LMG01-01,2001,23.742,709,200,140,-66.8548,-72.1625,4.43,0,151.84,22.88,0,
LMG01-01,2001,23.969,722,200,160,-66.7206,-72.4394,30.77,12.61,204.43,51.97,0,
LMG01-01,2001,24.184,733,200,180,-66.587,-72.7548,4.09,172.99,12.73,42.4,0,
LMG01-01,2001,24.317,739,200,200,-66.4517,-73.0652,14.36,0,16.97,45.8,0,
LMG02-01,2002,22.578,548,200,80,-67.242,-71.2057,5.64,8.72,41.05,91.85,0,
LMG02-01,2002,8.267,81,600,40,-64.9375,-64.3883,178.12,0,56.34,19.27,19.17,
LMG02-01,2002,8.399,88,600,60,-64.8202,-64.7013,30.09,3.69,27.76,108.34,0,
LMG02-01,2002,9.039,111,600,80,-64.6948,-65.0294,11.22,12.72,110.35,49.74,0.69,
LMG02-01,2002,9.422,117,600,100,-64.57,-65.3521,6.81,1.07,8.02,140.97,0.13,
LMG02-01,2002,9.694,131,600,120,-64.4577,-65.6556,91.4,0,119.91,232.35,0,
LMG02-01,2002,10.101,151,600,160,-64.2163,-66.2504,1.7,20.94,8.12,493.75,0,
LMG02-01,2002,10.242,156,600,140,-64.3389,-65.9673,17.81,9.18,0,284.81,18.26,
LMG02-01,2002,10.432,163,600,180,-64.0986,-66.5766,8.35,12.38,48.08,214.06,0,
LMG02-01,2002,10.788,181,600,200,-63.9719,-66.8541,0,11.31,1.56,209,0,
LMG02-01,2002,11.124,193,600,220,-63.8466,-67.1311,1.02,95.54,1405.73,133.8,0,
LMG02-01,2002,11.497,195,500,220,-64.4313,-68.5786,5.13,34.23,81.79,179.8,0,
LMG02-01,2002,11.867,209,500,200,-64.6145,-68.2819,14.31,11.92,1.79,174.66,0,
LMG02-01,2002,12.047,220,500,180,-64.7424,-67.9814,11.56,6.88,159.83,253.99,0,
LMG02-01,2002,12.19,225,500,160,-64.8664,-67.6837,1.6,29.71,23.42,354.55,0,
LMG02-01,2002,12.299,230,500,140,-64.9815,-67.4009,2.46,24.11,3.5,327.37,0,
LMG02-01,2002,12.758,255,500,120,-65.1046,-67.0984,132.54,72.69,1.49,598.67,0,
LMG02-01,2002,12.941,267,500,100,-65.2409,-66.7587,76.92,24.08,452.04,304.88,0,
LMG02-01,2002,13.055,275,500,80,-65.3509,-66.4761,138.58,1.69,21.48,198.67,0.54,
LMG02-01,2002,13.203,280,500,60,-65.4752,-66.1587,659.27,0.25,189.54,105.16,1.72,
LMG02-01,2002,13.753,298,546,27,-65.3738,-64.9734,53.32,0.48,16.33,30.02,146.76,
LMG02-01,2002,14.062,308,580,30,-65.1255,-64.5099,1549.97,1.04,142.43,24.68,622.19,
LMG02-01,2002,15.081,316,400,40,-66.2571,-67.3282,2.67,3.32,28.22,338.11,1.46,
LMG02-01,2002,15.219,320,400,60,-66.131,-67.6469,49.55,16.86,50.01,335.07,57.52,
LMG02-01,2002,15.521,336,400,80,-66.0068,-67.9535,0.4,4.03,2.82,134.32,3.43,
LMG02-01,2002,15.713,347,400,100,-65.881,-68.2629,8.83,7.63,117.5,267.79,0.3,
LMG02-01,2002,15.915,358,400,120,-65.7537,-68.5694,80.47,15.17,6.6,276.96,0,
LMG02-01,2002,16.165,370,400,140,-65.6268,-68.903,173.13,12.56,17.39,932.2,0,
LMG02-01,2002,16.305,375,400,160,-65.5074,-69.2097,6.6,1.21,1.48,216.75,0,
LMG02-01,2002,16.651,391,400,180,-65.3787,-69.4895,3.95,5.1,260.28,233.13,0,
LMG02-01,2002,16.942,403,400,200,-65.2481,-69.7912,33.18,8.7,14.77,92.57,0,
LMG02-01,2002,17.313,409,300,200,-65.8597,-71.3827,12.7,85.58,6.26,56.71,0,
LMG02-01,2002,17.64,423,300,180,-65.988,-71.0964,7.28,0.69,4.85,126.06,0.12,
LMG02-01,2002,17.849,434,300,160,-66.1093,-70.8123,0.46,0.11,0,64.17,0,
LMG02-01,2002,18.406,440,200,-20,-67.9107,-69.596,232.68,27.55,48.42,68.19,360.88,
LMG02-01,2002,19.148,454,200,-40,-68.0361,-69.2762,338.79,0,15.01,240.72,313.24,
LMG02-01,2002,20.419,461,200,0,-67.7799,-69.9662,294.25,0.68,51.3,118.87,72.91,
LMG02-01,2002,20.727,476,200,20,-67.6494,-70.2878,87.56,0.09,100.86,61.69,216.52,
LMG02-01,2002,21.318,493,300,40,-66.8947,-68.9401,2.26,7.91,3.87,20.99,0.32,
LMG02-01,2002,21.54,507,300,60,-66.7717,-69.2375,0.49,2.97,174.09,12.5,0,
LMG02-01,2002,21.765,519,300,80,-66.6402,-69.5407,5645.68,7.75,0,15.5,0,
LMG02-01,2002,21.917,528,300,100,-66.5072,-69.8485,214.99,3.19,30.47,107.76,0,
LMG02-01,2002,22.294,533,200,60,-67.3861,-70.8912,192.03,0,23.04,88.64,6.04,
LMG02-01,2002,22.828,560,200,100,-67.1164,-71.5112,2.59,2.59,0.15,4.87,0,
LMG02-01,2002,23.081,576,200,140,-66.8565,-72.1397,5.24,0,2.36,0.21,0,
LMG02-01,2002,23.199,580,200,120,-66.9861,-71.8164,2.75,4.18,28.56,4.18,0.6,
LMG02-01,2002,23.367,585,200,160,-66.7172,-72.4093,3.31,20.47,9.63,115.28,0.3,
LMG02-01,2002,23.767,601,200,180,-66.5869,-72.7433,29.32,2.51,72.57,87.88,0,
LMG02-01,2002,24.103,613,200,200,-66.4555,-73.0223,5.38,12.74,302.38,82.92,0,
LMG02-01,2002,24.463,617,300,140,-66.2539,-70.4853,34.2,32.48,232.52,42.78,0,
LMG02-01,2002,24.731,631,300,120,-66.3811,-70.1838,295.68,1.48,1.19,8.31,0.2,
LMG02-01,2002,26.119,687,594.7,61.8,-64.8468,-64.7965,6.93,-999,-999,-999,-999,
LMG04-01,2004,8.263,23,600,40,-64,-64.4107,0,21.71,132.62,0.27,2.36,
LMG04-01,2004,8.481,31,600,60,-64.8161,-64.7252,4.13,9.71,145.03,2.48,6.61,
LMG04-01,2004,8.917,50,600,100,-64.5786,-65.3493,93.9,0.93,84.17,6.33,0,
LMG04-01,2004,9.11,59,600,120,-64.457,-65.6652,0,17.86,64.45,15.8,0.05,
LMG04-01,2004,9.253,62,600,80,-64.6917,-65.0326,62.92,97.78,35.67,12.99,0,
LMG04-01,2004,9.544,71,600,140,-64.3379,-65.9697,11.09,0.48,370.05,19.7,0,
LMG04-01,2004,9.769,82,600,160,-64.2149,-66.2554,0.81,0.99,287.77,15.6,0,
LMG04-01,2004,10.092,93,600,180,-64.0925,-66.5497,0.16,60.48,121.03,123.36,0,
LMG04-01,2004,10.245,99,600,200,-63.9714,-66.8424,0,183.85,0,92.89,0,
LMG04-01,2004,10.793,114,600,220,-63.8457,-67.1862,8.93,2.77,554.74,82.52,0,
LMG04-01,2004,11.105,123,600,240,-63.7102,-67.4572,12.94,68.09,1524.56,137.38,0,
LMG04-01,2004,11.234,128,600,260,-63.5911,-67.736,0,120.03,123.22,324.55,0,
LMG04-01,2004,12.068,144,500,220,-64.4935,-68.5812,0,0.29,0,312.11,0,
LMG04-01,2004,12.176,148,500,200,-64.6063,-68.2893,10.4,58.25,110.94,126.48,0,
LMG04-01,2004,12.515,160,500,180,-64.7444,-68.0179,49.7,9.77,39.09,73.47,0,
LMG04-01,2004,12.852,175.2,500,160,-64.8642,-67.7082,58.24,14.17,254.12,8.16,0,
LMG04-01,2004,13.092,185,500,140,-64.9969,-67.4159,2.4,30.69,136.51,15.72,0,
LMG04-01,2004,13.231,189,500,120,-65.1183,-67.11,14.06,42.08,85.65,14.15,0,
LMG04-01,2004,13.576,205,500,100,-65.227,-66.7628,36.17,0.4,88.65,10.73,0,
LMG04-01,2004,13.771,215,500,80,-65.347,-66.4581,12.91,5.42,165.88,8.94,0,
LMG04-01,2004,14.002,225,500,60,-65.4741,-66.1242,23.53,14.66,265.14,7.87,117.55,
LMG04-01,2004,14.28,230,550,20,-65.3914,-64.8047,21.54,0,209.14,3.96,1046.74,
LMG04-01,2004,14.652,243,585,10,-65.2072,-64.1619,1.16,0,7.94,0.48,10.94,
LMG04-01,2004,14.037,251,600,40,-64.9246,-64.3853,0.32,9.75,852.63,1.44,0,
LMG04-01,2004,15.148,255,610,35,-64.8906,-64.2213,2.02,39.53,149.21,0.36,0,
LMG04-01,2004,16.189,315,616.25,39.2,-64.8352,-64.1807,0.28,23.87,78.12,1.58,0,
LMG04-01,2004,18.315,338,400,40,-66.2542,-67.3459,0,5.98,250.93,5.9,51.14,
LMG04-01,2004,18.61,353,400,60,-66.1173,-67.6836,2.38,0,452.67,17.48,59.77,
LMG04-01,2004,18.808,364,400,80,-66.0054,-67.9791,29.64,0,133.24,53.48,16.36,
LMG04-01,2004,19.049,375,400,100,-65.8838,-68.2517,0.86,4.42,96.45,59.47,2.83,
LMG04-01,2004,19.227,380,400,120,-65.7562,-68.5663,0,6.19,433.57,32.14,0.18,
LMG04-01,2004,19.521,395,400,140,-65.6251,-68.9292,5.32,0.17,160.43,41.35,0,
LMG04-01,2004,19.735,407,400,160,-65.5049,-69.1819,13.11,0.08,193.48,41.94,0,
LMG04-01,2004,20.037,418,400,180,-65.363,-69.4993,0,0.18,320,20.34,0,
LMG04-01,2004,20.222,423,400,200,-65.2277,-69.7913,0,49.91,321.65,54.97,0,
LMG04-01,2004,21.134,443,300,180,-65.9755,-71.0883,0,68.35,1.91,143.46,0.07,
LMG04-01,2004,21.253,447.1,300,200,-65.8538,-71.3742,0.15,66.46,331.41,275.24,0,
LMG04-01,2004,21.428,453,300,160,-66.1257,-70.7867,0.35,0.43,1.83,191.25,4,
LMG04-01,2004,21.718,468,300,140,-66.2538,-70.4979,42.46,0,392.63,201.58,0.47,
LMG04-01,2004,22.707,481,300,120,-66.3717,-70.1674,23.61,1.77,154.15,77.77,1.77,
LMG04-01,2004,22.964,491,300,80,-66.6423,-69.5703,118.65,0.44,479.16,96.73,17.1,
LMG04-01,2004,23.093,495,300,100,-66.5147,-69.8712,12.55,0.94,276.15,41.24,148.35,
LMG04-01,2004,23.794,502,200,-20,-67.9122,-69.6183,192.08,0,2.08,5.64,1.34,
LMG04-01,2004,24.019,509,200,-60,-68.1622,-68.9198,32.09,0,5.8,2.34,0,
LMG04-01,2004,26.372,540,200,-40,-67.9849,-69.3962,4.74,5.31,0.47,14.51,0.66,
LMG04-01,2004,26.692,549,200,0,-67.7783,-69.9642,0.61,0,98.26,11.46,0.1,
LMG04-01,2004,27.078,559,200,40,-67.5192,-70.5669,42.81,0,67.76,2.49,11.97,
LMG04-01,2004,27.201,563,200,20,-67.6345,-70.2896,0.33,3.68,125.86,8.42,34.18,
LMG04-01,2004,27.848,573,200,60,-67.3742,-70.9171,13.66,0,41.21,21.9,1.35,
LMG04-01,2004,28.051,585,200,80,-67.2382,-71.242,20.6,0,265.64,3.54,1.04,
LMG04-01,2004,28.184,590,200,100,-67.1276,-71.5097,0,8.81,41.74,1.23,0.07,
LMG04-01,2004,28.557,605,200,120,-66.9878,-71.8625,55.07,0,106.92,1.16,0,
LMG04-01,2004,28.77,616,200,140,-66.8417,-72.1292,39.13,0.2,142.58,1.63,0,
LMG04-01,2004,28.094,627,200,160,-66.7064,-72.4426,0.11,0.11,16.97,20.08,0,
LMG04-01,2004,29.204,632,200,180,-66.5905,-72.7197,17.02,33.9,933.19,159.86,0.07,
LMG04-01,2004,29.785,648,200,200,-66.4546,-73.0179,3.82,0,2.55,153.5,3.58,
LMG04-01,2004,30.23,652,300,60,-66.7794,-69.2626,0.45,12.02,162.55,38.3,2.67,
LMG04-01,2004,30.576,667,300,40,-66.8977,-68.9042,8.18,3.64,68.23,10.85,356.6,
LMG04-01,2004,30.951,674,380,10,-66.5804,-67.1878,9.91,0,135.56,2.53,6.39,
LMG04-01,2004,31.551,681,440,15,-66.137,-66.3078,2.28,0,110.25,0.46,18.36,
